channel_id,channel_name,sum_data/dpi/sum,sum_data/dpi/proportion,sum_data/fans/sum,sum_data/fans/proportion,sum_data/contents/sum,sum_data/contents/proportion,sum_data/impressions/sum,sum_data/impressions/proportion,sum_data/reach/sum,sum_data/reach/proportion,sum_data/engagement/sum,sum_data/engagement/proportion,detail_data/dpi/month/date,detail_data/dpi/month/value,detail_data/dpi/daily/date,detail_data/dpi/daily/value,detail_data/fans/month/date,detail_data/fans/month/value,detail_data/fans/daily/date,detail_data/fans/daily/value,detail_data/contents/month/date,detail_data/contents/month/value,detail_data/contents/daily/date,detail_data/contents/daily/value,detail_data/impressions/month/date,detail_data/impressions/month/value,detail_data/impressions/daily/date,detail_data/impressions/daily/value,detail_data/reach/month/date,detail_data/reach/month/value,detail_data/reach/daily/date,detail_data/reach/daily/value,detail_data/engagement/month/date,detail_data/engagement/month/value,detail_data/engagement/daily/date,detail_data/engagement/daily/value
abdc1434,_________,832834,0.308581956,919777,0.497905852,1069845,0.339479328,1083192,0.489968952,4854/10,0.349667578,1092790,0.411089744,2019/10,46648,2020/08/01,693,2019/10,56741,2020/08/01,8042,2019/10,94098,2020/08/01,3337,2019/10,74836,2020/08/01,119,2019/10,71187,2020/08/01,1354,2019/10,13987,2020/08/01,6930
,,,,,,,,,,,,,,2019/11,11250,2020/08/02,5502,2019/11,9574,2020/08/02,6241,2019/11,8499,2020/08/02,4671,2019/11,83222,2020/08/02,7452,2019/11,71375,2020/08/02,4956,2019/11,49378,2020/08/02,8533
,,,,,,,,,,,,,,2019/12,48413,2020/08/03,9842,2019/12,13078,2020/08/03,9287,2019/12,17710,2020/08/03,33,2019/12,655,2020/08/03,4101,2019/12,72412,2020/08/03,2364,2019/12,84213,2020/08/03,272
,,,,,,,,,,,,,,2020/01,7320,2020/08/04,1941,2020/01,29281,2020/08/04,5766,2020/01,93862,2020/08/04,4392,2020/01,65895,2020/08/04,4075,2020/01,55191,2020/08/04,3633,2020/01,67439,2020/08/04,3350
,,,,,,,,,,,,,,2020/02,44091,2020/08/05,7412,2020/02,20538,2020/08/05,5091,2020/02,43439,2020/08/05,1679,2020/02,93999,2020/08/05,306,2020/02,8366,2020/08/05,8116,2020/02,68105,2020/08/05,5545
,,,,,,,,,,,,,,2020/03,75412,2020/08/06,9929,2020/03,30045,2020/08/06,7678,2020/03,85808,2020/08/06,1691,2020/03,57303,2020/08/06,7344,2020/03,74674,2020/08/06,4762,2020/03,72648,2020/08/06,6698
,,,,,,,,,,,,,,2020/04,75108,2020/08/07,7383,2020/04,63330,2020/08/07,5166,2020/04,65351,2020/08/07,3861,2020/04,47474,2020/08/07,2123,2020/04,68776,2020/08/07,7927,2020/04,40599,2020/08/07,5697
,,,,,,,,,,,,,,2020/05,10996,2020/08/08,6316,2020/05,66479,2020/08/08,2467,2020/05,97263,2020/08/08,7005,2020/05,40185,2020/08/08,9152,2020/05,58324,2020/08/08,8083,2020/05,66215,2020/08/08,611
,,,,,,,,,,,,,,2020/06,43278,2020/08/09,6196,2020/06,77346,2020/08/09,3724,2020/06,44251,2020/08/09,2010,2020/06,80979,2020/08/09,4159,2020/06,46596,2020/08/09,8118,2020/06,93014,2020/08/09,4605
,,,,,,,,,,,,,,2020/07,19244,2020/08/10,3935,2020/07,48940,2020/08/10,2954,2020/07,69015,2020/08/10,6865,2020/07,98753,2020/08/10,8149,2020/07,46439,2020/08/10,3415,2020/07,75663,2020/08/10,3237
,,,,,,,,,,,,,,2020/08,169169,2020/08/11,6863,2020/08,176929,2020/08/11,194,2020/08,140407,2020/08/11,7606,2020/08,155529,2020/08/11,9746,2020/08,148668,2020/08/11,6405,2020/08,155593,2020/08/11,3541
,,,,,,,,,,,,,,2020/09,154936,2020/08/12,5104,2020/09,205733,2020/08/12,2608,2020/09,158173,2020/08/12,691,2020/09,145784,2020/08/12,9527,2020/09,164822,2020/08/12,2593,2020/09,148370,2020/08/12,695
,,,,,,,,,,,,,,2020/10,126969,2020/08/13,8014,2020/10,121763,2020/08/13,3669,2020/10,151969,2020/08/13,7949,2020/10,138578,2020/08/13,7825,2020/10,192398,2020/08/13,814,2020/10,157566,2020/08/13,7383
,,,,,,,,,,,,,,,,2020/08/14,6665,,,2020/08/14,8744,,,2020/08/14,9684,,,2020/08/14,2794,,,2020/08/14,7300,,,2020/08/14,1082
,,,,,,,,,,,,,,,,2020/08/15,8744,,,2020/08/15,7689,,,2020/08/15,4085,,,2020/08/15,5397,,,2020/08/15,761,,,2020/08/15,8352
,,,,,,,,,,,,,,,,2020/08/16,3229,,,2020/08/16,3547,,,2020/08/16,1977,,,2020/08/16,474,,,2020/08/16,2938,,,2020/08/16,8567
,,,,,,,,,,,,,,,,2020/08/17,8495,,,2020/08/17,4230,,,2020/08/17,9200,,,2020/08/17,3798,,,2020/08/17,8068,,,2020/08/17,5711
,,,,,,,,,,,,,,,,2020/08/18,6604,,,2020/08/18,9567,,,2020/08/18,2451,,,2020/08/18,2232,,,2020/08/18,8000,,,2020/08/18,3305
,,,,,,,,,,,,,,,,2020/08/19,358,,,2020/08/19,9262,,,2020/08/19,968,,,2020/08/19,5508,,,2020/08/19,2341,,,2020/08/19,8455
,,,,,,,,,,,,,,,,2020/08/20,6282,,,2020/08/20,2836,,,2020/08/20,3719,,,2020/08/20,5568,,,2020/08/20,7017,,,2020/08/20,7132
,,,,,,,,,,,,,,,,2020/08/21,7021,,,2020/08/21,8407,,,2020/08/21,4123,,,2020/08/21,6610,,,2020/08/21,6736,,,2020/08/21,3800
,,,,,,,,,,,,,,,,2020/08/22,2690,,,2020/08/22,2480,,,2020/08/22,9856,,,2020/08/22,2833,,,2020/08/22,4920,,,2020/08/22,998
,,,,,,,,,,,,,,,,2020/08/23,3409,,,2020/08/23,1325,,,2020/08/23,7752,,,2020/08/23,3589,,,2020/08/23,6636,,,2020/08/23,2343
,,,,,,,,,,,,,,,,2020/08/24,4707,,,2020/08/24,3786,,,2020/08/24,3284,,,2020/08/24,7202,,,2020/08/24,6617,,,2020/08/24,2319
,,,,,,,,,,,,,,,,2020/08/25,3018,,,2020/08/25,9936,,,2020/08/25,9348,,,2020/08/25,6340,,,2020/08/25,614,,,2020/08/25,6641
,,,,,,,,,,,,,,,,2020/08/26,1420,,,2020/08/26,5500,,,2020/08/26,4945,,,2020/08/26,9157,,,2020/08/26,2775,,,2020/08/26,1301
,,,,,,,,,,,,,,,,2020/08/27,8560,,,2020/08/27,7673,,,2020/08/27,3775,,,2020/08/27,2594,,,2020/08/27,6774,,,2020/08/27,7114
,,,,,,,,,,,,,,,,2020/08/28,4854,,,2020/08/28,9139,,,2020/08/28,7239,,,2020/08/28,5779,,,2020/08/28,3579,,,2020/08/28,6872
,,,,,,,,,,,,,,,,2020/08/29,1235,,,2020/08/29,9899,,,2020/08/29,510,,,2020/08/29,2798,,,2020/08/29,1573,,,2020/08/29,5966
,,,,,,,,,,,,,,,,2020/08/30,5811,,,2020/08/30,9224,,,2020/08/30,4397,,,2020/08/30,426,,,2020/08/30,5361,,,2020/08/30,9039
,,,,,,,,,,,,,,,,2020/08/31,6937,,,2020/08/31,798,,,2020/08/31,1304,,,2020/08/31,8352,,,2020/08/31,4118,,,2020/08/31,9499
,,,,,,,,,,,,,,,,2020/09/01,543,,,2020/09/01,9459,,,2020/09/01,4336,,,2020/09/01,3545,,,2020/09/01,1655,,,2020/09/01,6447
,,,,,,,,,,,,,,,,2020/09/02,6049,,,2020/09/02,9367,,,2020/09/02,6390,,,2020/09/02,1202,,,2020/09/02,5284,,,2020/09/02,4085
,,,,,,,,,,,,,,,,2020/09/03,3412,,,2020/09/03,6331,,,2020/09/03,488,,,2020/09/03,1435,,,2020/09/03,8840,,,2020/09/03,993
,,,,,,,,,,,,,,,,2020/09/04,2632,,,2020/09/04,1632,,,2020/09/04,1190,,,2020/09/04,8681,,,2020/09/04,4619,,,2020/09/04,1024
,,,,,,,,,,,,,,,,2020/09/05,9734,,,2020/09/05,6503,,,2020/09/05,1505,,,2020/09/05,1515,,,2020/09/05,5805,,,2020/09/05,4941
,,,,,,,,,,,,,,,,2020/09/06,6638,,,2020/09/06,7279,,,2020/09/06,8297,,,2020/09/06,6069,,,2020/09/06,7671,,,2020/09/06,9082
,,,,,,,,,,,,,,,,2020/09/07,1674,,,2020/09/07,5873,,,2020/09/07,5749,,,2020/09/07,9193,,,2020/09/07,2594,,,2020/09/07,9257
,,,,,,,,,,,,,,,,2020/09/08,7593,,,2020/09/08,6581,,,2020/09/08,3910,,,2020/09/08,2138,,,2020/09/08,4497,,,2020/09/08,6812
,,,,,,,,,,,,,,,,2020/09/09,7612,,,2020/09/09,8504,,,2020/09/09,7395,,,2020/09/09,4955,,,2020/09/09,2886,,,2020/09/09,7098
,,,,,,,,,,,,,,,,2020/09/10,9252,,,2020/09/10,9038,,,2020/09/10,8798,,,2020/09/10,7184,,,2020/09/10,9555,,,2020/09/10,8483
,,,,,,,,,,,,,,,,2020/09/11,2176,,,2020/09/11,5862,,,2020/09/11,536,,,2020/09/11,6376,,,2020/09/11,6631,,,2020/09/11,767
,,,,,,,,,,,,,,,,2020/09/12,7547,,,2020/09/12,8295,,,2020/09/12,9026,,,2020/09/12,2238,,,2020/09/12,3743,,,2020/09/12,8525
,,,,,,,,,,,,,,,,2020/09/13,7680,,,2020/09/13,9154,,,2020/09/13,8141,,,2020/09/13,6925,,,2020/09/13,7311,,,2020/09/13,1298
,,,,,,,,,,,,,,,,2020/09/14,8605,,,2020/09/14,6855,,,2020/09/14,7669,,,2020/09/14,8682,,,2020/09/14,9996,,,2020/09/14,481
,,,,,,,,,,,,,,,,2020/09/15,4399,,,2020/09/15,4586,,,2020/09/15,5855,,,2020/09/15,3791,,,2020/09/15,1884,,,2020/09/15,6198
,,,,,,,,,,,,,,,,2020/09/16,9650,,,2020/09/16,4793,,,2020/09/16,4934,,,2020/09/16,6039,,,2020/09/16,3413,,,2020/09/16,2058
,,,,,,,,,,,,,,,,2020/09/17,9580,,,2020/09/17,7517,,,2020/09/17,6158,,,2020/09/17,2556,,,2020/09/17,7806,,,2020/09/17,1639
,,,,,,,,,,,,,,,,2020/09/18,1465,,,2020/09/18,7183,,,2020/09/18,2643,,,2020/09/18,3111,,,2020/09/18,8056,,,2020/09/18,2672
,,,,,,,,,,,,,,,,2020/09/19,7351,,,2020/09/19,4353,,,2020/09/19,5546,,,2020/09/19,7076,,,2020/09/19,3305,,,2020/09/19,1457
,,,,,,,,,,,,,,,,2020/09/20,4727,,,2020/09/20,7894,,,2020/09/20,1619,,,2020/09/20,9180,,,2020/09/20,1228,,,2020/09/20,7558
,,,,,,,,,,,,,,,,2020/09/21,1351,,,2020/09/21,8122,,,2020/09/21,1464,,,2020/09/21,6960,,,2020/09/21,8389,,,2020/09/21,7249
,,,,,,,,,,,,,,,,2020/09/22,495,,,2020/09/22,9529,,,2020/09/22,7072,,,2020/09/22,3887,,,2020/09/22,3718,,,2020/09/22,6494
,,,,,,,,,,,,,,,,2020/09/23,9557,,,2020/09/23,1460,,,2020/09/23,8286,,,2020/09/23,9557,,,2020/09/23,6297,,,2020/09/23,920
,,,,,,,,,,,,,,,,2020/09/24,1647,,,2020/09/24,5135,,,2020/09/24,6968,,,2020/09/24,1226,,,2020/09/24,599,,,2020/09/24,9361
,,,,,,,,,,,,,,,,2020/09/25,8751,,,2020/09/25,2232,,,2020/09/25,5784,,,2020/09/25,9020,,,2020/09/25,6401,,,2020/09/25,6471
,,,,,,,,,,,,,,,,2020/09/26,360,,,2020/09/26,9655,,,2020/09/26,6817,,,2020/09/26,1523,,,2020/09/26,8025,,,2020/09/26,6361
,,,,,,,,,,,,,,,,2020/09/27,8133,,,2020/09/27,9867,,,2020/09/27,5364,,,2020/09/27,2346,,,2020/09/27,1832,,,2020/09/27,5359
,,,,,,,,,,,,,,,,2020/09/28,2138,,,2020/09/28,9524,,,2020/09/28,3688,,,2020/09/28,926,,,2020/09/28,7125,,,2020/09/28,5346
,,,,,,,,,,,,,,,,2020/09/29,1184,,,2020/09/29,3162,,,2020/09/29,2856,,,2020/09/29,3777,,,2020/09/29,9042,,,2020/09/29,7060
,,,,,,,,,,,,,,,,2020/09/30,3001,,,2020/09/30,9988,,,2020/09/30,9689,,,2020/09/30,4671,,,2020/09/30,6615,,,2020/09/30,2874
,,,,,,,,,,,,,,,,2020/10/01,5531,,,2020/10/01,1079,,,2020/10/01,626,,,2020/10/01,6007,,,2020/10/01,8655,,,2020/10/01,6567
,,,,,,,,,,,,,,,,2020/10/02,7990,,,2020/10/02,1976,,,2020/10/02,7752,,,2020/10/02,6239,,,2020/10/02,7250,,,2020/10/02,9490
,,,,,,,,,,,,,,,,2020/10/03,5851,,,2020/10/03,2668,,,2020/10/03,9129,,,2020/10/03,1061,,,2020/10/03,7328,,,2020/10/03,6498
,,,,,,,,,,,,,,,,2020/10/04,368,,,2020/10/04,1559,,,2020/10/04,3616,,,2020/10/04,4163,,,2020/10/04,4057,,,2020/10/04,8492
,,,,,,,,,,,,,,,,2020/10/05,3286,,,2020/10/05,3088,,,2020/10/05,3958,,,2020/10/05,690,,,2020/10/05,8679,,,2020/10/05,9091
,,,,,,,,,,,,,,,,2020/10/06,1335,,,2020/10/06,2345,,,2020/10/06,8680,,,2020/10/06,672,,,2020/10/06,1609,,,2020/10/06,6236
,,,,,,,,,,,,,,,,2020/10/07,2507,,,2020/10/07,3563,,,2020/10/07,6631,,,2020/10/07,678,,,2020/10/07,5067,,,2020/10/07,1224
,,,,,,,,,,,,,,,,2020/10/08,5711,,,2020/10/08,7557,,,2020/10/08,5409,,,2020/10/08,3369,,,2020/10/08,4563,,,2020/10/08,5605
,,,,,,,,,,,,,,,,2020/10/09,4982,,,2020/10/09,4962,,,2020/10/09,4209,,,2020/10/09,8434,,,2020/10/09,9648,,,2020/10/09,7095
,,,,,,,,,,,,,,,,2020/10/10,4159,,,2020/10/10,6681,,,2020/10/10,7425,,,2020/10/10,2101,,,2020/10/10,5205,,,2020/10/10,9624
,,,,,,,,,,,,,,,,2020/10/11,3870,,,2020/10/11,827,,,2020/10/11,2695,,,2020/10/11,3329,,,2020/10/11,6678,,,2020/10/11,8936
,,,,,,,,,,,,,,,,2020/10/12,6124,,,2020/10/12,8691,,,2020/10/12,2175,,,2020/10/12,5788,,,2020/10/12,4732,,,2020/10/12,8283
,,,,,,,,,,,,,,,,2020/10/13,7117,,,2020/10/13,3802,,,2020/10/13,2942,,,2020/10/13,2912,,,2020/10/13,6955,,,2020/10/13,1780
,,,,,,,,,,,,,,,,2020/10/14,9270,,,2020/10/14,3756,,,2020/10/14,8869,,,2020/10/14,5721,,,2020/10/14,9977,,,2020/10/14,4364
,,,,,,,,,,,,,,,,2020/10/15,8267,,,2020/10/15,3949,,,2020/10/15,6190,,,2020/10/15,5125,,,2020/10/15,7395,,,2020/10/15,3419
,,,,,,,,,,,,,,,,2020/10/16,4957,,,2020/10/16,8770,,,2020/10/16,2790,,,2020/10/16,2848,,,2020/10/16,2705,,,2020/10/16,1671
,,,,,,,,,,,,,,,,2020/10/17,1371,,,2020/10/17,312,,,2020/10/17,5703,,,2020/10/17,811,,,2020/10/17,2416,,,2020/10/17,2207
,,,,,,,,,,,,,,,,2020/10/18,747,,,2020/10/18,596,,,2020/10/18,2470,,,2020/10/18,5650,,,2020/10/18,6517,,,2020/10/18,5067
,,,,,,,,,,,,,,,,2020/10/19,2123,,,2020/10/19,4044,,,2020/10/19,1538,,,2020/10/19,2044,,,2020/10/19,8779,,,2020/10/19,2664
,,,,,,,,,,,,,,,,2020/10/20,4600,,,2020/10/20,359,,,2020/10/20,2316,,,2020/10/20,9335,,,2020/10/20,8883,,,2020/10/20,9255
,,,,,,,,,,,,,,,,2020/10/21,181,,,2020/10/21,8045,,,2020/10/21,6395,,,2020/10/21,7044,,,2020/10/21,6136,,,2020/10/21,1503
,,,,,,,,,,,,,,,,2020/10/22,1284,,,2020/10/22,1909,,,2020/10/22,1008,,,2020/10/22,6877,,,2020/10/22,4117,,,2020/10/22,6884
,,,,,,,,,,,,,,,,2020/10/23,6603,,,2020/10/23,236,,,2020/10/23,8743,,,2020/10/23,2221,,,2020/10/23,2811,,,2020/10/23,2089
,,,,,,,,,,,,,,,,2020/10/24,1092,,,2020/10/24,7838,,,2020/10/24,6882,,,2020/10/24,5899,,,2020/10/24,8993,,,2020/10/24,1933
,,,,,,,,,,,,,,,,2020/10/25,2309,,,2020/10/25,517,,,2020/10/25,2891,,,2020/10/25,523,,,2020/10/25,8006,,,2020/10/25,2934
,,,,,,,,,,,,,,,,2020/10/26,4499,,,2020/10/26,3399,,,2020/10/26,1557,,,2020/10/26,9017,,,2020/10/26,6385,,,2020/10/26,736
,,,,,,,,,,,,,,,,2020/10/27,958,,,2020/10/27,1424,,,2020/10/27,5752,,,2020/10/27,9733,,,2020/10/27,2079,,,2020/10/27,2624
,,,,,,,,,,,,,,,,2020/10/28,6985,,,2020/10/28,3072,,,2020/10/28,6079,,,2020/10/28,8877,,,2020/10/28,7077,,,2020/10/28,1525
,,,,,,,,,,,,,,,,2020/10/29,3243,,,2020/10/29,7742,,,2020/10/29,4687,,,2020/10/29,2798,,,2020/10/29,9556,,,2020/10/29,9299
,,,,,,,,,,,,,,,,2020/10/30,6660,,,2020/10/30,8267,,,2020/10/30,8207,,,2020/10/30,172,,,2020/10/30,2342,,,2020/10/30,5160
,,,,,,,,,,,,,,,,2020/10/31,2989,,,2020/10/31,8730,,,2020/10/31,4645,,,2020/10/31,8440,,,2020/10/31,7798,,,2020/10/31,5311
wgr64569,_____,900640,0.333705459,865789,0.468680354,1073745,0.340716862,1051773,0.475756942,4772/03,0.339894506,823418,0.309756399,2019/10,61649,2020/08/01,7425,2019/10,81261,2020/08/01,1299,2019/10,96160,2020/08/01,9061,2019/10,84630,2020/08/01,5339,2019/10,38033,2020/08/01,9475,2019/10,19511,2020/08/01,7516
,,,,,,,,,,,,,,2019/11,7122,2020/08/02,721,2019/11,22269,2020/08/02,4817,2019/11,85143,2020/08/02,3483,2019/11,43202,2020/08/02,3426,2019/11,12431,2020/08/02,1390,2019/11,81474,2020/08/02,2162
,,,,,,,,,,,,,,2019/12,39512,2020/08/03,153,2019/12,59691,2020/08/03,5656,2019/12,51417,2020/08/03,5501,2019/12,78276,2020/08/03,8942,2019/12,81540,2020/08/03,8378,2019/12,11318,2020/08/03,966
,,,,,,,,,,,,,,2020/01,84157,2020/08/04,8833,2020/01,52400,2020/08/04,7097,2020/01,14577,2020/08/04,8966,2020/01,64744,2020/08/04,5091,2020/01,90102,2020/08/04,5057,2020/01,79171,2020/08/04,7007
,,,,,,,,,,,,,,2020/02,23101,2020/08/05,6629,2020/02,20192,2020/08/05,3282,2020/02,96700,2020/08/05,8943,2020/02,72796,2020/08/05,9198,2020/02,26685,2020/08/05,8994,2020/02,17630,2020/08/05,8410
,,,,,,,,,,,,,,2020/03,38354,2020/08/06,9243,2020/03,43438,2020/08/06,2292,2020/03,50138,2020/08/06,5303,2020/03,96326,2020/08/06,2667,2020/03,85401,2020/08/06,1387,2020/03,52936,2020/08/06,2216
,,,,,,,,,,,,,,2020/04,52580,2020/08/07,5893,2020/04,5696,2020/08/07,9305,2020/04,37583,2020/08/07,8352,2020/04,40077,2020/08/07,4939,2020/04,57995,2020/08/07,6550,2020/04,35345,2020/08/07,5304
,,,,,,,,,,,,,,2020/05,59401,2020/08/08,1713,2020/05,14860,2020/08/08,8952,2020/05,70440,2020/08/08,8319,2020/05,48344,2020/08/08,5347,2020/05,25636,2020/08/08,3364,2020/05,6222,2020/08/08,3495
,,,,,,,,,,,,,,2020/06,19865,2020/08/09,4604,2020/06,75123,2020/08/09,2466,2020/06,66678,2020/08/09,2325,2020/06,37254,2020/08/09,7962,2020/06,93610,2020/08/09,8197,2020/06,17341,2020/08/09,8686
,,,,,,,,,,,,,,2020/07,63047,2020/08/10,9879,2020/07,40300,2020/08/10,1552,2020/07,42237,2020/08/10,4812,2020/07,39690,2020/08/10,1904,2020/07,78856,2020/08/10,3003,2020/07,13281,2020/08/10,9476
,,,,,,,,,,,,,,2020/08,140703,2020/08/11,1494,2020/08,166541,2020/08/11,9006,2020/08,168598,2020/08/11,8680,2020/08,146772,2020/08/11,3022,2020/08,157482,2020/08/11,4234,2020/08,159132,2020/08/11,2375
,,,,,,,,,,,,,,2020/09,147188,2020/08/12,7973,2020/09,157744,2020/08/12,8201,2020/09,144074,2020/08/12,4880,2020/09,137222,2020/08/12,1058,2020/09,139499,2020/08/12,1932,2020/09,157805,2020/08/12,3244
,,,,,,,,,,,,,,2020/10,163961,2020/08/13,252,2020/10,126274,2020/08/13,3475,2020/10,150000,2020/08/13,7974,2020/10,162440,2020/08/13,4813,2020/10,161794,2020/08/13,4121,2020/10,172252,2020/08/13,5358
,,,,,,,,,,,,,,,,2020/08/14,6539,,,2020/08/14,6843,,,2020/08/14,4995,,,2020/08/14,4782,,,2020/08/14,4884,,,2020/08/14,7127
,,,,,,,,,,,,,,,,2020/08/15,1857,,,2020/08/15,3824,,,2020/08/15,9274,,,2020/08/15,4832,,,2020/08/15,2977,,,2020/08/15,2217
,,,,,,,,,,,,,,,,2020/08/16,2277,,,2020/08/16,6275,,,2020/08/16,2883,,,2020/08/16,8893,,,2020/08/16,167,,,2020/08/16,3689
,,,,,,,,,,,,,,,,2020/08/17,970,,,2020/08/17,9931,,,2020/08/17,49,,,2020/08/17,5021,,,2020/08/17,8530,,,2020/08/17,5215
,,,,,,,,,,,,,,,,2020/08/18,3955,,,2020/08/18,8417,,,2020/08/18,1648,,,2020/08/18,4479,,,2020/08/18,9381,,,2020/08/18,5751
,,,,,,,,,,,,,,,,2020/08/19,8667,,,2020/08/19,7371,,,2020/08/19,8631,,,2020/08/19,52,,,2020/08/19,9034,,,2020/08/19,6844
,,,,,,,,,,,,,,,,2020/08/20,2238,,,2020/08/20,4359,,,2020/08/20,1148,,,2020/08/20,944,,,2020/08/20,6241,,,2020/08/20,6896
,,,,,,,,,,,,,,,,2020/08/21,5133,,,2020/08/21,3173,,,2020/08/21,2998,,,2020/08/21,9058,,,2020/08/21,5475,,,2020/08/21,497
,,,,,,,,,,,,,,,,2020/08/22,7567,,,2020/08/22,3894,,,2020/08/22,810,,,2020/08/22,6375,,,2020/08/22,2454,,,2020/08/22,8481
,,,,,,,,,,,,,,,,2020/08/23,8508,,,2020/08/23,7062,,,2020/08/23,8148,,,2020/08/23,782,,,2020/08/23,7246,,,2020/08/23,8228
,,,,,,,,,,,,,,,,2020/08/24,5832,,,2020/08/24,343,,,2020/08/24,6193,,,2020/08/24,4865,,,2020/08/24,3386,,,2020/08/24,4861
,,,,,,,,,,,,,,,,2020/08/25,4667,,,2020/08/25,5129,,,2020/08/25,3196,,,2020/08/25,1242,,,2020/08/25,7699,,,2020/08/25,2586
,,,,,,,,,,,,,,,,2020/08/26,2489,,,2020/08/26,332,,,2020/08/26,8325,,,2020/08/26,9782,,,2020/08/26,7831,,,2020/08/26,2029
,,,,,,,,,,,,,,,,2020/08/27,1416,,,2020/08/27,7988,,,2020/08/27,6454,,,2020/08/27,8823,,,2020/08/27,3971,,,2020/08/27,8560
,,,,,,,,,,,,,,,,2020/08/28,3996,,,2020/08/28,7956,,,2020/08/28,338,,,2020/08/28,694,,,2020/08/28,146,,,2020/08/28,9416
,,,,,,,,,,,,,,,,2020/08/29,2762,,,2020/08/29,9395,,,2020/08/29,4958,,,2020/08/29,2839,,,2020/08/29,1328,,,2020/08/29,1036
,,,,,,,,,,,,,,,,2020/08/30,5227,,,2020/08/30,981,,,2020/08/30,6298,,,2020/08/30,6658,,,2020/08/30,9404,,,2020/08/30,4450
,,,,,,,,,,,,,,,,2020/08/31,1791,,,2020/08/31,5868,,,2020/08/31,5653,,,2020/08/31,2943,,,2020/08/31,1246,,,2020/08/31,5034
,,,,,,,,,,,,,,,,2020/09/01,6574,,,2020/09/01,86,,,2020/09/01,3885,,,2020/09/01,3547,,,2020/09/01,1645,,,2020/09/01,9658
,,,,,,,,,,,,,,,,2020/09/02,8097,,,2020/09/02,1964,,,2020/09/02,5927,,,2020/09/02,5604,,,2020/09/02,6592,,,2020/09/02,9333
,,,,,,,,,,,,,,,,2020/09/03,1049,,,2020/09/03,3875,,,2020/09/03,7098,,,2020/09/03,9238,,,2020/09/03,9986,,,2020/09/03,4758
,,,,,,,,,,,,,,,,2020/09/04,1099,,,2020/09/04,1208,,,2020/09/04,4660,,,2020/09/04,7350,,,2020/09/04,4422,,,2020/09/04,6061
,,,,,,,,,,,,,,,,2020/09/05,1120,,,2020/09/05,6641,,,2020/09/05,7452,,,2020/09/05,7405,,,2020/09/05,2133,,,2020/09/05,2929
,,,,,,,,,,,,,,,,2020/09/06,2840,,,2020/09/06,9293,,,2020/09/06,7080,,,2020/09/06,216,,,2020/09/06,2371,,,2020/09/06,2460
,,,,,,,,,,,,,,,,2020/09/07,2427,,,2020/09/07,9701,,,2020/09/07,9512,,,2020/09/07,2736,,,2020/09/07,5300,,,2020/09/07,2839
,,,,,,,,,,,,,,,,2020/09/08,488,,,2020/09/08,9011,,,2020/09/08,2599,,,2020/09/08,4502,,,2020/09/08,6495,,,2020/09/08,5797
,,,,,,,,,,,,,,,,2020/09/09,250,,,2020/09/09,2399,,,2020/09/09,8849,,,2020/09/09,2312,,,2020/09/09,7516,,,2020/09/09,7097
,,,,,,,,,,,,,,,,2020/09/10,4749,,,2020/09/10,6120,,,2020/09/10,3496,,,2020/09/10,1263,,,2020/09/10,4729,,,2020/09/10,5708
,,,,,,,,,,,,,,,,2020/09/11,6577,,,2020/09/11,1127,,,2020/09/11,6791,,,2020/09/11,2971,,,2020/09/11,9502,,,2020/09/11,2727
,,,,,,,,,,,,,,,,2020/09/12,9844,,,2020/09/12,7353,,,2020/09/12,2997,,,2020/09/12,3060,,,2020/09/12,9714,,,2020/09/12,9314
,,,,,,,,,,,,,,,,2020/09/13,2844,,,2020/09/13,1489,,,2020/09/13,291,,,2020/09/13,2226,,,2020/09/13,2223,,,2020/09/13,3740
,,,,,,,,,,,,,,,,2020/09/14,743,,,2020/09/14,5069,,,2020/09/14,3174,,,2020/09/14,1481,,,2020/09/14,8562,,,2020/09/14,846
,,,,,,,,,,,,,,,,2020/09/15,4615,,,2020/09/15,1692,,,2020/09/15,5417,,,2020/09/15,2923,,,2020/09/15,4265,,,2020/09/15,9040
,,,,,,,,,,,,,,,,2020/09/16,6366,,,2020/09/16,9551,,,2020/09/16,9386,,,2020/09/16,6872,,,2020/09/16,1169,,,2020/09/16,5398
,,,,,,,,,,,,,,,,2020/09/17,4403,,,2020/09/17,501,,,2020/09/17,7795,,,2020/09/17,3595,,,2020/09/17,3496,,,2020/09/17,5751
,,,,,,,,,,,,,,,,2020/09/18,6808,,,2020/09/18,5098,,,2020/09/18,909,,,2020/09/18,2059,,,2020/09/18,3908,,,2020/09/18,9449
,,,,,,,,,,,,,,,,2020/09/19,4835,,,2020/09/19,6350,,,2020/09/19,5080,,,2020/09/19,8021,,,2020/09/19,5167,,,2020/09/19,8581
,,,,,,,,,,,,,,,,2020/09/20,7009,,,2020/09/20,5709,,,2020/09/20,4676,,,2020/09/20,8676,,,2020/09/20,1717,,,2020/09/20,3819
,,,,,,,,,,,,,,,,2020/09/21,7895,,,2020/09/21,6759,,,2020/09/21,6246,,,2020/09/21,4572,,,2020/09/21,8939,,,2020/09/21,6313
,,,,,,,,,,,,,,,,2020/09/22,6562,,,2020/09/22,7607,,,2020/09/22,8339,,,2020/09/22,380,,,2020/09/22,1803,,,2020/09/22,625
,,,,,,,,,,,,,,,,2020/09/23,2955,,,2020/09/23,3986,,,2020/09/23,1093,,,2020/09/23,5395,,,2020/09/23,5376,,,2020/09/23,8938
,,,,,,,,,,,,,,,,2020/09/24,5116,,,2020/09/24,7577,,,2020/09/24,4046,,,2020/09/24,6514,,,2020/09/24,4997,,,2020/09/24,3954
,,,,,,,,,,,,,,,,2020/09/25,7496,,,2020/09/25,8446,,,2020/09/25,2237,,,2020/09/25,6017,,,2020/09/25,4275,,,2020/09/25,2920
,,,,,,,,,,,,,,,,2020/09/26,1272,,,2020/09/26,2387,,,2020/09/26,3796,,,2020/09/26,1764,,,2020/09/26,597,,,2020/09/26,3312
,,,,,,,,,,,,,,,,2020/09/27,5840,,,2020/09/27,4850,,,2020/09/27,5723,,,2020/09/27,6684,,,2020/09/27,400,,,2020/09/27,2890
,,,,,,,,,,,,,,,,2020/09/28,7488,,,2020/09/28,2686,,,2020/09/28,3183,,,2020/09/28,9704,,,2020/09/28,1706,,,2020/09/28,447
,,,,,,,,,,,,,,,,2020/09/29,9928,,,2020/09/29,9686,,,2020/09/29,695,,,2020/09/29,3842,,,2020/09/29,8941,,,2020/09/29,9216
,,,,,,,,,,,,,,,,2020/09/30,9899,,,2020/09/30,9523,,,2020/09/30,1642,,,2020/09/30,6293,,,2020/09/30,1553,,,2020/09/30,3885
,,,,,,,,,,,,,,,,2020/10/01,6774,,,2020/10/01,7088,,,2020/10/01,1851,,,2020/10/01,4409,,,2020/10/01,3687,,,2020/10/01,4707
,,,,,,,,,,,,,,,,2020/10/02,6258,,,2020/10/02,5115,,,2020/10/02,6276,,,2020/10/02,980,,,2020/10/02,1034,,,2020/10/02,7557
,,,,,,,,,,,,,,,,2020/10/03,6819,,,2020/10/03,3854,,,2020/10/03,7158,,,2020/10/03,9850,,,2020/10/03,9951,,,2020/10/03,8952
,,,,,,,,,,,,,,,,2020/10/04,935,,,2020/10/04,1996,,,2020/10/04,6555,,,2020/10/04,7273,,,2020/10/04,5156,,,2020/10/04,4833
,,,,,,,,,,,,,,,,2020/10/05,7782,,,2020/10/05,2615,,,2020/10/05,3274,,,2020/10/05,973,,,2020/10/05,2849,,,2020/10/05,5105
,,,,,,,,,,,,,,,,2020/10/06,46,,,2020/10/06,3278,,,2020/10/06,3841,,,2020/10/06,8868,,,2020/10/06,1433,,,2020/10/06,6114
,,,,,,,,,,,,,,,,2020/10/07,1892,,,2020/10/07,2268,,,2020/10/07,3366,,,2020/10/07,835,,,2020/10/07,9389,,,2020/10/07,2002
,,,,,,,,,,,,,,,,2020/10/08,4533,,,2020/10/08,3051,,,2020/10/08,5728,,,2020/10/08,8591,,,2020/10/08,5057,,,2020/10/08,7258
,,,,,,,,,,,,,,,,2020/10/09,432,,,2020/10/09,6522,,,2020/10/09,6691,,,2020/10/09,1585,,,2020/10/09,2960,,,2020/10/09,5508
,,,,,,,,,,,,,,,,2020/10/10,7521,,,2020/10/10,138,,,2020/10/10,8782,,,2020/10/10,7568,,,2020/10/10,3616,,,2020/10/10,6500
,,,,,,,,,,,,,,,,2020/10/11,8186,,,2020/10/11,6784,,,2020/10/11,1588,,,2020/10/11,468,,,2020/10/11,6029,,,2020/10/11,8691
,,,,,,,,,,,,,,,,2020/10/12,5526,,,2020/10/12,2299,,,2020/10/12,9595,,,2020/10/12,356,,,2020/10/12,1696,,,2020/10/12,1169
,,,,,,,,,,,,,,,,2020/10/13,5101,,,2020/10/13,2862,,,2020/10/13,3510,,,2020/10/13,8733,,,2020/10/13,6816,,,2020/10/13,692
,,,,,,,,,,,,,,,,2020/10/14,8588,,,2020/10/14,847,,,2020/10/14,1664,,,2020/10/14,4887,,,2020/10/14,7461,,,2020/10/14,2462
,,,,,,,,,,,,,,,,2020/10/15,7571,,,2020/10/15,5812,,,2020/10/15,1501,,,2020/10/15,7073,,,2020/10/15,1970,,,2020/10/15,1199
,,,,,,,,,,,,,,,,2020/10/16,6701,,,2020/10/16,391,,,2020/10/16,3911,,,2020/10/16,9123,,,2020/10/16,7964,,,2020/10/16,9428
,,,,,,,,,,,,,,,,2020/10/17,3879,,,2020/10/17,7601,,,2020/10/17,8929,,,2020/10/17,7687,,,2020/10/17,4667,,,2020/10/17,6871
,,,,,,,,,,,,,,,,2020/10/18,7922,,,2020/10/18,2367,,,2020/10/18,401,,,2020/10/18,3175,,,2020/10/18,8376,,,2020/10/18,6195
,,,,,,,,,,,,,,,,2020/10/19,9341,,,2020/10/19,8653,,,2020/10/19,8882,,,2020/10/19,6392,,,2020/10/19,5301,,,2020/10/19,5340
,,,,,,,,,,,,,,,,2020/10/20,3426,,,2020/10/20,2857,,,2020/10/20,1257,,,2020/10/20,3840,,,2020/10/20,6392,,,2020/10/20,5865
,,,,,,,,,,,,,,,,2020/10/21,218,,,2020/10/21,758,,,2020/10/21,7507,,,2020/10/21,5466,,,2020/10/21,5784,,,2020/10/21,5826
,,,,,,,,,,,,,,,,2020/10/22,4277,,,2020/10/22,8652,,,2020/10/22,263,,,2020/10/22,9922,,,2020/10/22,2563,,,2020/10/22,294
,,,,,,,,,,,,,,,,2020/10/23,7191,,,2020/10/23,7102,,,2020/10/23,9471,,,2020/10/23,3164,,,2020/10/23,8649,,,2020/10/23,7623
,,,,,,,,,,,,,,,,2020/10/24,4786,,,2020/10/24,1282,,,2020/10/24,2693,,,2020/10/24,2485,,,2020/10/24,3723,,,2020/10/24,986
,,,,,,,,,,,,,,,,2020/10/25,3349,,,2020/10/25,1643,,,2020/10/25,1382,,,2020/10/25,1237,,,2020/10/25,6297,,,2020/10/25,5531
,,,,,,,,,,,,,,,,2020/10/26,5132,,,2020/10/26,8281,,,2020/10/26,272,,,2020/10/26,3198,,,2020/10/26,1483,,,2020/10/26,6364
,,,,,,,,,,,,,,,,2020/10/27,7180,,,2020/10/27,5707,,,2020/10/27,4833,,,2020/10/27,5869,,,2020/10/27,3901,,,2020/10/27,7934
,,,,,,,,,,,,,,,,2020/10/28,8990,,,2020/10/28,2367,,,2020/10/28,4663,,,2020/10/28,7177,,,2020/10/28,2892,,,2020/10/28,4950
,,,,,,,,,,,,,,,,2020/10/29,5651,,,2020/10/29,5629,,,2020/10/29,7851,,,2020/10/29,7920,,,2020/10/29,8486,,,2020/10/29,9943
,,,,,,,,,,,,,,,,2020/10/30,4171,,,2020/10/30,580,,,2020/10/30,7712,,,2020/10/30,9755,,,2020/10/30,7009,,,2020/10/30,6947
,,,,,,,,,,,,,,,,2020/10/31,3783,,,2020/10/31,7875,,,2020/10/31,8593,,,2020/10/31,3581,,,2020/10/31,9203,,,2020/10/31,9406
fyei58234,_____,965433,0.357712585,61725,0.033413793,1007839,0.31980381,75771,0.034274106,958148,0.310437916,742068,0.279153858,2019/10,26358,2020/08/01,6569,2019/10,69681,2020/08/01,9075,2019/10,49558,2020/08/01,2937,2019/10,20520,2020/08/01,4191,2019/10,230,2020/08/01,5810,2019/10,1479,2020/08/01,5641
,,,,,,,,,,,,,,2019/11,27020,2020/08/02,2169,2019/11,1939,2020/08/02,882,2019/11,81385,2020/08/02,774,2019/11,29362,2020/08/02,3550,2019/11,58202,2020/08/02,7616,2019/11,30539,2020/08/02,2686
,,,,,,,,,,,,,,2019/12,80762,2020/08/03,5409,2019/12,28030,2020/08/03,4526,2019/12,76844,2020/08/03,4241,2019/12,31306,2020/08/03,2610,2019/12,25629,2020/08/03,6719,2019/12,40856,2020/08/03,1819
,,,,,,,,,,,,,,2020/01,68146,2020/08/04,2535,2020/01,95877,2020/08/04,9213,2020/01,3697,2020/08/04,7021,2020/01,86292,2020/08/04,8126,2020/01,256,2020/08/04,5148,2020/01,24323,2020/08/04,5344
,,,,,,,,,,,,,,2020/02,58036,2020/08/05,4447,2020/02,51763,2020/08/05,6486,2020/02,29930,2020/08/05,9483,2020/02,29358,2020/08/05,9270,2020/02,60887,2020/08/05,3829,2020/02,18402,2020/08/05,2129
,,,,,,,,,,,,,,2020/03,94064,2020/08/06,6280,2020/03,50011,2020/08/06,8755,2020/03,82781,2020/08/06,3908,2020/03,61770,2020/08/06,3938,2020/03,66547,2020/08/06,7844,2020/03,92575,2020/08/06,4724
,,,,,,,,,,,,,,2020/04,97413,2020/08/07,3071,2020/04,91483,2020/08/07,6496,2020/04,57686,2020/08/07,9630,2020/04,68930,2020/08/07,6884,2020/04,91369,2020/08/07,6883,2020/04,27404,2020/08/07,2875
,,,,,,,,,,,,,,2020/05,56852,2020/08/08,7686,2020/05,88035,2020/08/08,6951,2020/05,42592,2020/08/08,591,2020/05,17754,2020/08/08,5386,2020/05,50271,2020/08/08,4071,2020/05,16008,2020/08/08,229
,,,,,,,,,,,,,,2020/06,32782,2020/08/09,2316,2020/06,41653,2020/08/09,5857,2020/06,58981,2020/08/09,6358,2020/06,91611,2020/08/09,7024,2020/06,81459,2020/08/09,5317,2020/06,3926,2020/08/09,7584
,,,,,,,,,,,,,,2020/07,6593,2020/08/10,7501,2020/07,37705,2020/08/10,1374,2020/07,29183,2020/08/10,7576,2020/07,28768,2020/08/10,6144,2020/07,37408,2020/08/10,6097,2020/07,8636,2020/08/10,3554
,,,,,,,,,,,,,,2020/08,143390,2020/08/11,174,2020/08,169815,2020/08/11,5680,2020/08,148046,2020/08/11,1049,2020/08,153694,2020/08/11,4087,2020/08,179379,2020/08/11,6479,2020/08,129262,2020/08/11,2576
,,,,,,,,,,,,,,2020/09,142272,2020/08/12,4972,2020/09,131865,2020/08/12,4629,2020/09,145674,2020/08/12,7583,2020/09,154714,2020/08/12,3595,2020/09,121534,2020/08/12,1466,2020/09,172833,2020/08/12,6290
,,,,,,,,,,,,,,2020/10,131745,2020/08/13,8596,2020/10,149982,2020/08/13,5847,2020/10,151791,2020/08/13,1215,2020/10,155666,2020/08/13,1295,2020/10,184490,2020/08/13,3482,2020/10,175825,2020/08/13,2668
,,,,,,,,,,,,,,,,2020/08/14,4599,,,2020/08/14,9410,,,2020/08/14,6340,,,2020/08/14,7437,,,2020/08/14,2731,,,2020/08/14,1729
,,,,,,,,,,,,,,,,2020/08/15,7132,,,2020/08/15,6046,,,2020/08/15,3380,,,2020/08/15,6988,,,2020/08/15,6512,,,2020/08/15,1373
,,,,,,,,,,,,,,,,2020/08/16,2692,,,2020/08/16,5732,,,2020/08/16,9477,,,2020/08/16,335,,,2020/08/16,7852,,,2020/08/16,5526
,,,,,,,,,,,,,,,,2020/08/17,2043,,,2020/08/17,3191,,,2020/08/17,1839,,,2020/08/17,4374,,,2020/08/17,2021,,,2020/08/17,337
,,,,,,,,,,,,,,,,2020/08/18,9615,,,2020/08/18,5224,,,2020/08/18,2341,,,2020/08/18,7053,,,2020/08/18,7092,,,2020/08/18,1287
,,,,,,,,,,,,,,,,2020/08/19,7760,,,2020/08/19,3666,,,2020/08/19,3896,,,2020/08/19,8911,,,2020/08/19,7321,,,2020/08/19,9606
,,,,,,,,,,,,,,,,2020/08/20,9618,,,2020/08/20,6050,,,2020/08/20,8622,,,2020/08/20,8589,,,2020/08/20,7647,,,2020/08/20,4602
,,,,,,,,,,,,,,,,2020/08/21,3610,,,2020/08/21,8099,,,2020/08/21,1159,,,2020/08/21,1722,,,2020/08/21,7005,,,2020/08/21,5659
,,,,,,,,,,,,,,,,2020/08/22,994,,,2020/08/22,5916,,,2020/08/22,2671,,,2020/08/22,2502,,,2020/08/22,9979,,,2020/08/22,2565
,,,,,,,,,,,,,,,,2020/08/23,6311,,,2020/08/23,3130,,,2020/08/23,3548,,,2020/08/23,5242,,,2020/08/23,9402,,,2020/08/23,1158
,,,,,,,,,,,,,,,,2020/08/24,2037,,,2020/08/24,488,,,2020/08/24,5888,,,2020/08/24,5804,,,2020/08/24,5655,,,2020/08/24,8940
,,,,,,,,,,,,,,,,2020/08/25,1540,,,2020/08/25,8555,,,2020/08/25,648,,,2020/08/25,3417,,,2020/08/25,6720,,,2020/08/25,8205
,,,,,,,,,,,,,,,,2020/08/26,5387,,,2020/08/26,5581,,,2020/08/26,6744,,,2020/08/26,8812,,,2020/08/26,8829,,,2020/08/26,9680
,,,,,,,,,,,,,,,,2020/08/27,1284,,,2020/08/27,6021,,,2020/08/27,5162,,,2020/08/27,1292,,,2020/08/27,2444,,,2020/08/27,8980
,,,,,,,,,,,,,,,,2020/08/28,3766,,,2020/08/28,608,,,2020/08/28,6259,,,2020/08/28,2662,,,2020/08/28,7446,,,2020/08/28,5654
,,,,,,,,,,,,,,,,2020/08/29,9602,,,2020/08/29,6388,,,2020/08/29,9661,,,2020/08/29,2788,,,2020/08/29,7229,,,2020/08/29,155
,,,,,,,,,,,,,,,,2020/08/30,48,,,2020/08/30,2347,,,2020/08/30,3381,,,2020/08/30,897,,,2020/08/30,2522,,,2020/08/30,4781
,,,,,,,,,,,,,,,,2020/08/31,3627,,,2020/08/31,7592,,,2020/08/31,4664,,,2020/08/31,8769,,,2020/08/31,211,,,2020/08/31,906
,,,,,,,,,,,,,,,,2020/09/01,8841,,,2020/09/01,6634,,,2020/09/01,7348,,,2020/09/01,7326,,,2020/09/01,3451,,,2020/09/01,5102
,,,,,,,,,,,,,,,,2020/09/02,560,,,2020/09/02,7976,,,2020/09/02,4774,,,2020/09/02,3559,,,2020/09/02,1595,,,2020/09/02,8991
,,,,,,,,,,,,,,,,2020/09/03,5451,,,2020/09/03,3346,,,2020/09/03,3001,,,2020/09/03,144,,,2020/09/03,450,,,2020/09/03,4662
,,,,,,,,,,,,,,,,2020/09/04,6955,,,2020/09/04,627,,,2020/09/04,1184,,,2020/09/04,7084,,,2020/09/04,2035,,,2020/09/04,3222
,,,,,,,,,,,,,,,,2020/09/05,8375,,,2020/09/05,9391,,,2020/09/05,6921,,,2020/09/05,1272,,,2020/09/05,6008,,,2020/09/05,7367
,,,,,,,,,,,,,,,,2020/09/06,4951,,,2020/09/06,1333,,,2020/09/06,8125,,,2020/09/06,7013,,,2020/09/06,9355,,,2020/09/06,7671
,,,,,,,,,,,,,,,,2020/09/07,2192,,,2020/09/07,3804,,,2020/09/07,8976,,,2020/09/07,9706,,,2020/09/07,28,,,2020/09/07,608
,,,,,,,,,,,,,,,,2020/09/08,9050,,,2020/09/08,1840,,,2020/09/08,3929,,,2020/09/08,1918,,,2020/09/08,1135,,,2020/09/08,8721
,,,,,,,,,,,,,,,,2020/09/09,4973,,,2020/09/09,3672,,,2020/09/09,985,,,2020/09/09,7949,,,2020/09/09,2307,,,2020/09/09,4971
,,,,,,,,,,,,,,,,2020/09/10,825,,,2020/09/10,2727,,,2020/09/10,1660,,,2020/09/10,7829,,,2020/09/10,5616,,,2020/09/10,4655
,,,,,,,,,,,,,,,,2020/09/11,8444,,,2020/09/11,2723,,,2020/09/11,1571,,,2020/09/11,1192,,,2020/09/11,2120,,,2020/09/11,724
,,,,,,,,,,,,,,,,2020/09/12,1618,,,2020/09/12,3360,,,2020/09/12,3022,,,2020/09/12,1954,,,2020/09/12,8841,,,2020/09/12,9520
,,,,,,,,,,,,,,,,2020/09/13,8268,,,2020/09/13,1121,,,2020/09/13,3895,,,2020/09/13,7103,,,2020/09/13,4743,,,2020/09/13,9233
,,,,,,,,,,,,,,,,2020/09/14,3840,,,2020/09/14,8657,,,2020/09/14,8636,,,2020/09/14,4100,,,2020/09/14,3822,,,2020/09/14,9096
,,,,,,,,,,,,,,,,2020/09/15,4111,,,2020/09/15,6927,,,2020/09/15,7375,,,2020/09/15,9176,,,2020/09/15,8394,,,2020/09/15,3866
,,,,,,,,,,,,,,,,2020/09/16,2902,,,2020/09/16,38,,,2020/09/16,5584,,,2020/09/16,9109,,,2020/09/16,3625,,,2020/09/16,9286
,,,,,,,,,,,,,,,,2020/09/17,5144,,,2020/09/17,4796,,,2020/09/17,7966,,,2020/09/17,6848,,,2020/09/17,7174,,,2020/09/17,3311
,,,,,,,,,,,,,,,,2020/09/18,6335,,,2020/09/18,7442,,,2020/09/18,5275,,,2020/09/18,8542,,,2020/09/18,5268,,,2020/09/18,413
,,,,,,,,,,,,,,,,2020/09/19,4339,,,2020/09/19,4513,,,2020/09/19,2020,,,2020/09/19,3023,,,2020/09/19,6298,,,2020/09/19,4995
,,,,,,,,,,,,,,,,2020/09/20,2794,,,2020/09/20,1288,,,2020/09/20,8814,,,2020/09/20,4188,,,2020/09/20,4618,,,2020/09/20,9788
,,,,,,,,,,,,,,,,2020/09/21,670,,,2020/09/21,2076,,,2020/09/21,4362,,,2020/09/21,971,,,2020/09/21,1973,,,2020/09/21,1376
,,,,,,,,,,,,,,,,2020/09/22,7552,,,2020/09/22,5457,,,2020/09/22,5516,,,2020/09/22,1689,,,2020/09/22,3945,,,2020/09/22,7690
,,,,,,,,,,,,,,,,2020/09/23,2826,,,2020/09/23,7002,,,2020/09/23,9438,,,2020/09/23,4558,,,2020/09/23,3712,,,2020/09/23,8901
,,,,,,,,,,,,,,,,2020/09/24,3046,,,2020/09/24,5149,,,2020/09/24,9487,,,2020/09/24,881,,,2020/09/24,844,,,2020/09/24,1609
,,,,,,,,,,,,,,,,2020/09/25,2262,,,2020/09/25,8435,,,2020/09/25,2874,,,2020/09/25,3152,,,2020/09/25,383,,,2020/09/25,4384
,,,,,,,,,,,,,,,,2020/09/26,1005,,,2020/09/26,6848,,,2020/09/26,1535,,,2020/09/26,7479,,,2020/09/26,2879,,,2020/09/26,5569
,,,,,,,,,,,,,,,,2020/09/27,9383,,,2020/09/27,3134,,,2020/09/27,4668,,,2020/09/27,8895,,,2020/09/27,5170,,,2020/09/27,5681
,,,,,,,,,,,,,,,,2020/09/28,1894,,,2020/09/28,1822,,,2020/09/28,2892,,,2020/09/28,9159,,,2020/09/28,6617,,,2020/09/28,5535
,,,,,,,,,,,,,,,,2020/09/29,6055,,,2020/09/29,8109,,,2020/09/29,2550,,,2020/09/29,2631,,,2020/09/29,6677,,,2020/09/29,8389
,,,,,,,,,,,,,,,,2020/09/30,7611,,,2020/09/30,1618,,,2020/09/30,1291,,,2020/09/30,6264,,,2020/09/30,2451,,,2020/09/30,7497
,,,,,,,,,,,,,,,,2020/10/01,3162,,,2020/10/01,1896,,,2020/10/01,5541,,,2020/10/01,1108,,,2020/10/01,7613,,,2020/10/01,9018
,,,,,,,,,,,,,,,,2020/10/02,1319,,,2020/10/02,1259,,,2020/10/02,7700,,,2020/10/02,2674,,,2020/10/02,8178,,,2020/10/02,6791
,,,,,,,,,,,,,,,,2020/10/03,4009,,,2020/10/03,923,,,2020/10/03,2824,,,2020/10/03,7912,,,2020/10/03,5869,,,2020/10/03,9982
,,,,,,,,,,,,,,,,2020/10/04,509,,,2020/10/04,4638,,,2020/10/04,5566,,,2020/10/04,9574,,,2020/10/04,8444,,,2020/10/04,5523
,,,,,,,,,,,,,,,,2020/10/05,585,,,2020/10/05,7730,,,2020/10/05,57,,,2020/10/05,6098,,,2020/10/05,989,,,2020/10/05,4206
,,,,,,,,,,,,,,,,2020/10/06,5797,,,2020/10/06,862,,,2020/10/06,1175,,,2020/10/06,394,,,2020/10/06,778,,,2020/10/06,2185
,,,,,,,,,,,,,,,,2020/10/07,5821,,,2020/10/07,6169,,,2020/10/07,6738,,,2020/10/07,7125,,,2020/10/07,2108,,,2020/10/07,2418
,,,,,,,,,,,,,,,,2020/10/08,6981,,,2020/10/08,599,,,2020/10/08,7870,,,2020/10/08,3862,,,2020/10/08,4052,,,2020/10/08,2187
,,,,,,,,,,,,,,,,2020/10/09,6492,,,2020/10/09,8359,,,2020/10/09,4615,,,2020/10/09,6783,,,2020/10/09,639,,,2020/10/09,6143
,,,,,,,,,,,,,,,,2020/10/10,9527,,,2020/10/10,9185,,,2020/10/10,2499,,,2020/10/10,339,,,2020/10/10,9892,,,2020/10/10,6803
,,,,,,,,,,,,,,,,2020/10/11,7946,,,2020/10/11,1111,,,2020/10/11,4400,,,2020/10/11,9609,,,2020/10/11,5597,,,2020/10/11,9162
,,,,,,,,,,,,,,,,2020/10/12,4268,,,2020/10/12,1355,,,2020/10/12,2220,,,2020/10/12,6288,,,2020/10/12,8522,,,2020/10/12,2152
,,,,,,,,,,,,,,,,2020/10/13,8138,,,2020/10/13,8169,,,2020/10/13,622,,,2020/10/13,2434,,,2020/10/13,9351,,,2020/10/13,8435
,,,,,,,,,,,,,,,,2020/10/14,5163,,,2020/10/14,9052,,,2020/10/14,300,,,2020/10/14,5915,,,2020/10/14,6731,,,2020/10/14,8958
,,,,,,,,,,,,,,,,2020/10/15,3832,,,2020/10/15,3280,,,2020/10/15,4441,,,2020/10/15,3857,,,2020/10/15,8564,,,2020/10/15,6499
,,,,,,,,,,,,,,,,2020/10/16,2325,,,2020/10/16,9874,,,2020/10/16,7315,,,2020/10/16,6246,,,2020/10/16,4913,,,2020/10/16,2754
,,,,,,,,,,,,,,,,2020/10/17,4808,,,2020/10/17,7192,,,2020/10/17,804,,,2020/10/17,3760,,,2020/10/17,5120,,,2020/10/17,5338
,,,,,,,,,,,,,,,,2020/10/18,3104,,,2020/10/18,8341,,,2020/10/18,7190,,,2020/10/18,7460,,,2020/10/18,3827,,,2020/10/18,4614
,,,,,,,,,,,,,,,,2020/10/19,7083,,,2020/10/19,9419,,,2020/10/19,2903,,,2020/10/19,8537,,,2020/10/19,9698,,,2020/10/19,1757
,,,,,,,,,,,,,,,,2020/10/20,3486,,,2020/10/20,2353,,,2020/10/20,9762,,,2020/10/20,7157,,,2020/10/20,296,,,2020/10/20,2146
,,,,,,,,,,,,,,,,2020/10/21,9539,,,2020/10/21,491,,,2020/10/21,5073,,,2020/10/21,2285,,,2020/10/21,5140,,,2020/10/21,8854
,,,,,,,,,,,,,,,,2020/10/22,1096,,,2020/10/22,3038,,,2020/10/22,5444,,,2020/10/22,166,,,2020/10/22,8953,,,2020/10/22,597
,,,,,,,,,,,,,,,,2020/10/23,7373,,,2020/10/23,4507,,,2020/10/23,9062,,,2020/10/23,3205,,,2020/10/23,9926,,,2020/10/23,8701
,,,,,,,,,,,,,,,,2020/10/24,3733,,,2020/10/24,5312,,,2020/10/24,7157,,,2020/10/24,5078,,,2020/10/24,6861,,,2020/10/24,5060
,,,,,,,,,,,,,,,,2020/10/25,5749,,,2020/10/25,5601,,,2020/10/25,4299,,,2020/10/25,9997,,,2020/10/25,8508,,,2020/10/25,4293
,,,,,,,,,,,,,,,,2020/10/26,1114,,,2020/10/26,5996,,,2020/10/26,9385,,,2020/10/26,1724,,,2020/10/26,3046,,,2020/10/26,3242
,,,,,,,,,,,,,,,,2020/10/27,1044,,,2020/10/27,4408,,,2020/10/27,9983,,,2020/10/27,6653,,,2020/10/27,5793,,,2020/10/27,7392
,,,,,,,,,,,,,,,,2020/10/28,497,,,2020/10/28,5416,,,2020/10/28,2020,,,2020/10/28,749,,,2020/10/28,9996,,,2020/10/28,6968
,,,,,,,,,,,,,,,,2020/10/29,2967,,,2020/10/29,1257,,,2020/10/29,2162,,,2020/10/29,7084,,,2020/10/29,178,,,2020/10/29,5533
,,,,,,,,,,,,,,,,2020/10/30,3488,,,2020/10/30,7760,,,2020/10/30,3929,,,2020/10/30,9086,,,2020/10/30,7065,,,2020/10/30,8651
,,,,,,,,,,,,,,,,2020/10/31,790,,,2020/10/31,4430,,,2020/10/31,8735,,,2020/10/31,2507,,,2020/10/31,7843,,,2020/10/31,9463
total,channeltotal,2698907,1,1847291,1,3151429,1,2210736,1,3086440,1,2658276,1,2019/10,32031,2020/08/01,7358,2019/10,29308,2020/08/01,8795,2019/10,78068,2020/08/01,6013,2019/10,59814,2020/08/01,8812,2019/10,85364,2020/08/01,1005,2019/10,58730,2020/08/01,7379
,,,,,,,,,,,,,,2019/11,8283,2020/08/02,6360,2019/11,39580,2020/08/02,904,2019/11,29716,2020/08/02,2118,2019/11,98351,2020/08/02,9210,2019/11,77796,2020/08/02,4113,2019/11,64927,2020/08/02,5966
,,,,,,,,,,,,,,2019/12,63683,2020/08/03,518,2019/12,65728,2020/08/03,8217,2019/12,79639,2020/08/03,6960,2019/12,19003,2020/08/03,6515,2019/12,27753,2020/08/03,8881,2019/12,11444,2020/08/03,4171
,,,,,,,,,,,,,,2020/01,98953,2020/08/04,3639,2020/01,87864,2020/08/04,4469,2020/01,98197,2020/08/04,3688,2020/01,79572,2020/08/04,9124,2020/01,59034,2020/08/04,1278,2020/01,34263,2020/08/04,3966
,,,,,,,,,,,,,,2020/02,37195,2020/08/05,1155,2020/02,27182,2020/08/05,5157,2020/02,69288,2020/08/05,912,2020/02,79378,2020/08/05,3260,2020/02,96458,2020/08/05,6092,2020/02,6768,2020/08/05,774
,,,,,,,,,,,,,,2020/03,87171,2020/08/06,2353,2020/03,94981,2020/08/06,4862,2020/03,65953,2020/08/06,734,2020/03,83087,2020/08/06,6503,2020/03,99283,2020/08/06,7075,2020/03,52587,2020/08/06,3849
,,,,,,,,,,,,,,2020/04,16532,2020/08/07,9014,2020/04,96946,2020/08/07,3662,2020/04,79108,2020/08/07,5245,2020/04,62461,2020/08/07,4546,2020/04,97151,2020/08/07,317,2020/04,35895,2020/08/07,7364
,,,,,,,,,,,,,,2020/05,95170,2020/08/08,4981,2020/05,15820,2020/08/08,1672,2020/05,47948,2020/08/08,806,2020/05,81958,2020/08/08,35,2020/05,25081,2020/08/08,47,2020/05,64344,2020/08/08,4737
,,,,,,,,,,,,,,2020/06,21290,2020/08/09,2932,2020/06,25538,2020/08/09,2782,2020/06,10296,2020/08/09,5529,2020/06,32696,2020/08/09,4669,2020/06,86,2020/08/09,3964,2020/06,60474,2020/08/09,6969
,,,,,,,,,,,,,,2020/07,22348,2020/08/10,1933,2020/07,41419,2020/08/10,5332,2020/07,68494,2020/08/10,3593,2020/07,59814,2020/08/10,6099,2020/07,78061,2020/08/10,1599,2020/07,27788,2020/08/10,707
,,,,,,,,,,,,,,2020/08,142308,2020/08/11,1029,2020/08,164619,2020/08/11,5816,2020/08,138248,2020/08/11,7179,2020/08,150303,2020/08/11,4692,2020/08,156131,2020/08/11,9595,2020/08,125416,2020/08/11,5503
,,,,,,,,,,,,,,2020/09,169001,2020/08/12,8483,2020/09,151998,2020/08/12,830,2020/09,137741,2020/08/12,8019,2020/09,148439,2020/08/12,9439,2020/09,151449,2020/08/12,2283,2020/09,169259,2020/08/12,5888
,,,,,,,,,,,,,,2020/10,158818,2020/08/13,4175,2020/10,161802,2020/08/13,5020,2020/10,130119,2020/08/13,2579,2020/10,147300,2020/08/13,7217,2020/10,165659,2020/08/13,6318,2020/10,144075,2020/08/13,4144
,,,,,,,,,,,,,,,,2020/08/14,7579,,,2020/08/14,8987,,,2020/08/14,2860,,,2020/08/14,5153,,,2020/08/14,3329,,,2020/08/14,6537
,,,,,,,,,,,,,,,,2020/08/15,655,,,2020/08/15,6469,,,2020/08/15,9923,,,2020/08/15,2246,,,2020/08/15,8397,,,2020/08/15,1085
,,,,,,,,,,,,,,,,2020/08/16,8768,,,2020/08/16,226,,,2020/08/16,6698,,,2020/08/16,171,,,2020/08/16,7251,,,2020/08/16,1953
,,,,,,,,,,,,,,,,2020/08/17,754,,,2020/08/17,8720,,,2020/08/17,9446,,,2020/08/17,7959,,,2020/08/17,8117,,,2020/08/17,1473
,,,,,,,,,,,,,,,,2020/08/18,550,,,2020/08/18,4487,,,2020/08/18,4038,,,2020/08/18,7245,,,2020/08/18,8813,,,2020/08/18,1470
,,,,,,,,,,,,,,,,2020/08/19,5856,,,2020/08/19,9334,,,2020/08/19,407,,,2020/08/19,1029,,,2020/08/19,6844,,,2020/08/19,7978
,,,,,,,,,,,,,,,,2020/08/20,5642,,,2020/08/20,4186,,,2020/08/20,725,,,2020/08/20,6947,,,2020/08/20,6793,,,2020/08/20,9860
,,,,,,,,,,,,,,,,2020/08/21,6173,,,2020/08/21,4786,,,2020/08/21,3587,,,2020/08/21,3105,,,2020/08/21,8220,,,2020/08/21,6329
,,,,,,,,,,,,,,,,2020/08/22,9811,,,2020/08/22,8379,,,2020/08/22,7933,,,2020/08/22,2661,,,2020/08/22,4918,,,2020/08/22,2419
,,,,,,,,,,,,,,,,2020/08/23,2175,,,2020/08/23,3523,,,2020/08/23,2274,,,2020/08/23,2918,,,2020/08/23,5407,,,2020/08/23,123
,,,,,,,,,,,,,,,,2020/08/24,911,,,2020/08/24,9583,,,2020/08/24,358,,,2020/08/24,661,,,2020/08/24,3751,,,2020/08/24,4506
,,,,,,,,,,,,,,,,2020/08/25,1501,,,2020/08/25,7147,,,2020/08/25,6901,,,2020/08/25,8942,,,2020/08/25,8011,,,2020/08/25,1739
,,,,,,,,,,,,,,,,2020/08/26,5632,,,2020/08/26,3332,,,2020/08/26,6912,,,2020/08/26,2477,,,2020/08/26,3216,,,2020/08/26,100
,,,,,,,,,,,,,,,,2020/08/27,5899,,,2020/08/27,2204,,,2020/08/27,6501,,,2020/08/27,3728,,,2020/08/27,5364,,,2020/08/27,627
,,,,,,,,,,,,,,,,2020/08/28,1731,,,2020/08/28,1837,,,2020/08/28,4922,,,2020/08/28,3590,,,2020/08/28,8628,,,2020/08/28,7472
,,,,,,,,,,,,,,,,2020/08/29,6926,,,2020/08/29,5909,,,2020/08/29,777,,,2020/08/29,8294,,,2020/08/29,1097,,,2020/08/29,602
,,,,,,,,,,,,,,,,2020/08/30,8236,,,2020/08/30,8811,,,2020/08/30,5645,,,2020/08/30,2162,,,2020/08/30,1422,,,2020/08/30,3173
,,,,,,,,,,,,,,,,2020/08/31,9579,,,2020/08/31,9181,,,2020/08/31,4966,,,2020/08/31,894,,,2020/08/31,3986,,,2020/08/31,6553
,,,,,,,,,,,,,,,,2020/09/01,9262,,,2020/09/01,9067,,,2020/09/01,9483,,,2020/09/01,4287,,,2020/09/01,9356,,,2020/09/01,1368
,,,,,,,,,,,,,,,,2020/09/02,4625,,,2020/09/02,154,,,2020/09/02,4748,,,2020/09/02,7653,,,2020/09/02,6191,,,2020/09/02,4436
,,,,,,,,,,,,,,,,2020/09/03,7653,,,2020/09/03,6703,,,2020/09/03,1131,,,2020/09/03,1933,,,2020/09/03,3994,,,2020/09/03,5622
,,,,,,,,,,,,,,,,2020/09/04,9392,,,2020/09/04,5553,,,2020/09/04,8174,,,2020/09/04,6395,,,2020/09/04,7605,,,2020/09/04,8567
,,,,,,,,,,,,,,,,2020/09/05,2054,,,2020/09/05,485,,,2020/09/05,40,,,2020/09/05,7531,,,2020/09/05,4046,,,2020/09/05,9698
,,,,,,,,,,,,,,,,2020/09/06,3050,,,2020/09/06,7107,,,2020/09/06,246,,,2020/09/06,8570,,,2020/09/06,5452,,,2020/09/06,9927
,,,,,,,,,,,,,,,,2020/09/07,9167,,,2020/09/07,9842,,,2020/09/07,5437,,,2020/09/07,9474,,,2020/09/07,6861,,,2020/09/07,6791
,,,,,,,,,,,,,,,,2020/09/08,7891,,,2020/09/08,3888,,,2020/09/08,9719,,,2020/09/08,2507,,,2020/09/08,8073,,,2020/09/08,8705
,,,,,,,,,,,,,,,,2020/09/09,3715,,,2020/09/09,2166,,,2020/09/09,3213,,,2020/09/09,4263,,,2020/09/09,7846,,,2020/09/09,2376
,,,,,,,,,,,,,,,,2020/09/10,3912,,,2020/09/10,2753,,,2020/09/10,7230,,,2020/09/10,1587,,,2020/09/10,349,,,2020/09/10,5030
,,,,,,,,,,,,,,,,2020/09/11,6159,,,2020/09/11,9704,,,2020/09/11,2926,,,2020/09/11,4975,,,2020/09/11,5855,,,2020/09/11,723
,,,,,,,,,,,,,,,,2020/09/12,1734,,,2020/09/12,8961,,,2020/09/12,2649,,,2020/09/12,9323,,,2020/09/12,4472,,,2020/09/12,6053
,,,,,,,,,,,,,,,,2020/09/13,5397,,,2020/09/13,1076,,,2020/09/13,4339,,,2020/09/13,7630,,,2020/09/13,6543,,,2020/09/13,8781
,,,,,,,,,,,,,,,,2020/09/14,3883,,,2020/09/14,5240,,,2020/09/14,3918,,,2020/09/14,3539,,,2020/09/14,2567,,,2020/09/14,2815
,,,,,,,,,,,,,,,,2020/09/15,5318,,,2020/09/15,4670,,,2020/09/15,8417,,,2020/09/15,6316,,,2020/09/15,5855,,,2020/09/15,2711
,,,,,,,,,,,,,,,,2020/09/16,8165,,,2020/09/16,5839,,,2020/09/16,8168,,,2020/09/16,271,,,2020/09/16,8518,,,2020/09/16,9783
,,,,,,,,,,,,,,,,2020/09/17,8388,,,2020/09/17,5024,,,2020/09/17,1828,,,2020/09/17,2690,,,2020/09/17,3384,,,2020/09/17,3108
,,,,,,,,,,,,,,,,2020/09/18,4278,,,2020/09/18,1090,,,2020/09/18,3869,,,2020/09/18,7378,,,2020/09/18,4129,,,2020/09/18,6340
,,,,,,,,,,,,,,,,2020/09/19,4986,,,2020/09/19,1554,,,2020/09/19,9051,,,2020/09/19,911,,,2020/09/19,9752,,,2020/09/19,6537
,,,,,,,,,,,,,,,,2020/09/20,6316,,,2020/09/20,0,,,2020/09/20,174,,,2020/09/20,4830,,,2020/09/20,476,,,2020/09/20,5305
,,,,,,,,,,,,,,,,2020/09/21,8317,,,2020/09/21,7754,,,2020/09/21,8499,,,2020/09/21,4004,,,2020/09/21,4716,,,2020/09/21,204
,,,,,,,,,,,,,,,,2020/09/22,9972,,,2020/09/22,5654,,,2020/09/22,3579,,,2020/09/22,9527,,,2020/09/22,7283,,,2020/09/22,7352
,,,,,,,,,,,,,,,,2020/09/23,8629,,,2020/09/23,7078,,,2020/09/23,1003,,,2020/09/23,5039,,,2020/09/23,2290,,,2020/09/23,7882
,,,,,,,,,,,,,,,,2020/09/24,1697,,,2020/09/24,7855,,,2020/09/24,5317,,,2020/09/24,2396,,,2020/09/24,4740,,,2020/09/24,1060
,,,,,,,,,,,,,,,,2020/09/25,2742,,,2020/09/25,4083,,,2020/09/25,878,,,2020/09/25,3471,,,2020/09/25,2204,,,2020/09/25,3619
,,,,,,,,,,,,,,,,2020/09/26,7786,,,2020/09/26,1618,,,2020/09/26,9368,,,2020/09/26,958,,,2020/09/26,7713,,,2020/09/26,6867
,,,,,,,,,,,,,,,,2020/09/27,643,,,2020/09/27,9642,,,2020/09/27,3267,,,2020/09/27,6553,,,2020/09/27,2419,,,2020/09/27,6542
,,,,,,,,,,,,,,,,2020/09/28,6239,,,2020/09/28,4792,,,2020/09/28,3389,,,2020/09/28,3321,,,2020/09/28,7227,,,2020/09/28,6455
,,,,,,,,,,,,,,,,2020/09/29,7383,,,2020/09/29,6404,,,2020/09/29,2790,,,2020/09/29,6992,,,2020/09/29,764,,,2020/09/29,6137
,,,,,,,,,,,,,,,,2020/09/30,248,,,2020/09/30,6242,,,2020/09/30,4891,,,2020/09/30,4115,,,2020/09/30,769,,,2020/09/30,8465
,,,,,,,,,,,,,,,,2020/10/01,5975,,,2020/10/01,3780,,,2020/10/01,7503,,,2020/10/01,1641,,,2020/10/01,7369,,,2020/10/01,6172
,,,,,,,,,,,,,,,,2020/10/02,3661,,,2020/10/02,414,,,2020/10/02,6665,,,2020/10/02,1991,,,2020/10/02,9116,,,2020/10/02,2413
,,,,,,,,,,,,,,,,2020/10/03,9550,,,2020/10/03,2773,,,2020/10/03,5711,,,2020/10/03,6877,,,2020/10/03,765,,,2020/10/03,3081
,,,,,,,,,,,,,,,,2020/10/04,6443,,,2020/10/04,1581,,,2020/10/04,9815,,,2020/10/04,868,,,2020/10/04,7854,,,2020/10/04,6080
,,,,,,,,,,,,,,,,2020/10/05,6292,,,2020/10/05,7073,,,2020/10/05,449,,,2020/10/05,1644,,,2020/10/05,1484,,,2020/10/05,6953
,,,,,,,,,,,,,,,,2020/10/06,1910,,,2020/10/06,404,,,2020/10/06,122,,,2020/10/06,7664,,,2020/10/06,8751,,,2020/10/06,2549
,,,,,,,,,,,,,,,,2020/10/07,7607,,,2020/10/07,4933,,,2020/10/07,5296,,,2020/10/07,8206,,,2020/10/07,8252,,,2020/10/07,4819
,,,,,,,,,,,,,,,,2020/10/08,8369,,,2020/10/08,5985,,,2020/10/08,9518,,,2020/10/08,8785,,,2020/10/08,8937,,,2020/10/08,6154
,,,,,,,,,,,,,,,,2020/10/09,2197,,,2020/10/09,6139,,,2020/10/09,4876,,,2020/10/09,3874,,,2020/10/09,3338,,,2020/10/09,8893
,,,,,,,,,,,,,,,,2020/10/10,3124,,,2020/10/10,4095,,,2020/10/10,1260,,,2020/10/10,2781,,,2020/10/10,5436,,,2020/10/10,7548
,,,,,,,,,,,,,,,,2020/10/11,6619,,,2020/10/11,7143,,,2020/10/11,7176,,,2020/10/11,7885,,,2020/10/11,7033,,,2020/10/11,4058
,,,,,,,,,,,,,,,,2020/10/12,5483,,,2020/10/12,8491,,,2020/10/12,1308,,,2020/10/12,9793,,,2020/10/12,1431,,,2020/10/12,2436
,,,,,,,,,,,,,,,,2020/10/13,1757,,,2020/10/13,6700,,,2020/10/13,877,,,2020/10/13,8696,,,2020/10/13,6338,,,2020/10/13,9097
,,,,,,,,,,,,,,,,2020/10/14,4571,,,2020/10/14,6677,,,2020/10/14,1922,,,2020/10/14,6703,,,2020/10/14,6707,,,2020/10/14,6818
,,,,,,,,,,,,,,,,2020/10/15,9901,,,2020/10/15,7441,,,2020/10/15,3500,,,2020/10/15,3253,,,2020/10/15,4504,,,2020/10/15,5616
,,,,,,,,,,,,,,,,2020/10/16,343,,,2020/10/16,2903,,,2020/10/16,4238,,,2020/10/16,581,,,2020/10/16,3361,,,2020/10/16,3466
,,,,,,,,,,,,,,,,2020/10/17,3181,,,2020/10/17,6094,,,2020/10/17,6273,,,2020/10/17,9016,,,2020/10/17,9909,,,2020/10/17,44
,,,,,,,,,,,,,,,,2020/10/18,655,,,2020/10/18,7900,,,2020/10/18,2246,,,2020/10/18,5054,,,2020/10/18,4235,,,2020/10/18,235
,,,,,,,,,,,,,,,,2020/10/19,2003,,,2020/10/19,6910,,,2020/10/19,2482,,,2020/10/19,707,,,2020/10/19,1634,,,2020/10/19,6631
,,,,,,,,,,,,,,,,2020/10/20,7738,,,2020/10/20,2636,,,2020/10/20,6898,,,2020/10/20,7674,,,2020/10/20,7171,,,2020/10/20,2210
,,,,,,,,,,,,,,,,2020/10/21,3167,,,2020/10/21,2152,,,2020/10/21,2112,,,2020/10/21,8955,,,2020/10/21,3860,,,2020/10/21,9386
,,,,,,,,,,,,,,,,2020/10/22,2674,,,2020/10/22,459,,,2020/10/22,4496,,,2020/10/22,549,,,2020/10/22,1846,,,2020/10/22,7103
,,,,,,,,,,,,,,,,2020/10/23,8528,,,2020/10/23,7913,,,2020/10/23,2403,,,2020/10/23,59,,,2020/10/23,8935,,,2020/10/23,1396
,,,,,,,,,,,,,,,,2020/10/24,2989,,,2020/10/24,3007,,,2020/10/24,1705,,,2020/10/24,3358,,,2020/10/24,2198,,,2020/10/24,5397
,,,,,,,,,,,,,,,,2020/10/25,1505,,,2020/10/25,4433,,,2020/10/25,5497,,,2020/10/25,1528,,,2020/10/25,5240,,,2020/10/25,973
,,,,,,,,,,,,,,,,2020/10/26,8434,,,2020/10/26,8552,,,2020/10/26,1190,,,2020/10/26,7884,,,2020/10/26,8030,,,2020/10/26,1236
,,,,,,,,,,,,,,,,2020/10/27,7661,,,2020/10/27,7232,,,2020/10/27,200,,,2020/10/27,568,,,2020/10/27,75,,,2020/10/27,3438
,,,,,,,,,,,,,,,,2020/10/28,8534,,,2020/10/28,6559,,,2020/10/28,6637,,,2020/10/28,8825,,,2020/10/28,7961,,,2020/10/28,8538
,,,,,,,,,,,,,,,,2020/10/29,3336,,,2020/10/29,6111,,,2020/10/29,2015,,,2020/10/29,5603,,,2020/10/29,5806,,,2020/10/29,1691
,,,,,,,,,,,,,,,,2020/10/30,8329,,,2020/10/30,8111,,,2020/10/30,6211,,,2020/10/30,2363,,,2020/10/30,146,,,2020/10/30,1533
,,,,,,,,,,,,,,,,2020/10/31,6282,,,2020/10/31,7201,,,2020/10/31,9518,,,2020/10/31,3915,,,2020/10/31,7937,,,2020/10/31,8111