Time,ICS,ICC,ICE,Year
1/3/07,80.45125,98.5025,68.8525,7
1/4/07,79.82935484,96.00032258,69.44064516,7
1/5/07,81.98245614,104.9105263,67.25315789,7
1/6/07,67.83,87.64789474,55.09815789,7
1/7/07,82.24289474,88.64315789,78.12868421,7
1/8/07,71.71258065,96,56.10935484,7
1/9/07,79.5612,95.854,69.0956,7
1/10/07,92.52038462,105.3442308,84.28,7
1/11/07,89.67384615,98.06692308,84.28,7
1/12/07,74.665,89.72954545,64.985,7
1/13/07,100.6806667,125.6253333,84.654,7
1/14/07,66.14285714,86.69904762,52.9352381,7
1/15/07,85.58823529,99.95,76.36,7
1/16/07,70.09,85.256,60.344,7
1/17/07,51.34111111,77.68777778,34.41333333,7
1/18/07,93.28,96.61166667,91.13666667,7
1/19/07,70.45875,68.2275,71.89125,7
1/20/07,68.609,81.473,60.344,7
1/21/07,87.852,92.827,84.654,7
1/22/07,64.38071429,66.87571429,62.775,7
1/23/07,81.931,104.18,67.637,7
1/24/07,85.87833333,96.61166667,78.98166667,7
1/25/07,79.71,68.2275,87.085,7
1/26/07,97.15642857,91.205,100.9764286,7
1/27/07,55.65875,87.15,35.42625,7
1/28/07,66.14066667,85.258,53.86133333,7
1/29/07,72.31,77.68875,68.8525,7
1/31/07,82.48625,91.879375,76.449375,7
2/1/07,68.38484848,74.24909091,64.61666667,7
2/2/07,65.39698113,84.1154717,53.37207547,7
2/3/07,74.9137037,86.09814815,67.72703704,7
2/4/07,72.42272727,81.12878788,66.82666667,7
2/5/07,73.235,97.79375,57.4571875,7
2/6/07,70.52814815,90.30333333,57.82296296,7
2/7/07,64.59142857,78.76971429,55.482,7
2/8/07,54.63,69.27888889,45.21777778,7
2/9/07,67.43947368,87.64789474,54.45842105,7
2/10/07,76.00916667,102.9183333,58.72333333,7
2/11/07,63.428,70.1205,59.1285,7
2/12/07,73.789,100.3945,56.6975,7
2/13/07,70.0885,83.3645,61.5595,7
2/14/07,76.01,82.42,71.89125,7
2/15/07,80.24,77.68857143,81.87571429,7
2/16/07,61.2075,63.49625,59.73625,7
2/17/07,72.30833333,87.15,62.775,7
2/18/07,79.3,86.1,74.93,7
2/19/07,85.42909091,101.7718182,74.93,7
2/20/07,72.30875,84.785,64.294375,7
2/21/07,77.06642857,80.39214286,74.93,7
2/22/07,71.07666667,86.09777778,61.42444444,7
2/23/07,71.89722222,81.89333333,65.47611111,7
2/24/07,67.129,47.413,79.792,7
2/25/07,70.8285,75.797,67.637,7
2/27/07,72.71944444,94.50777778,58.72333333,7
2/28/07,64.168,82.419,52.44325,7
3/1/07,63.81941176,86.59323529,49.19,7
3/2/07,58.4662963,76.28740741,47.01851852,7
3/3/07,72.83761905,84.89690476,65.0902381,7
3/4/07,69.46906977,78.56813953,63.62302326,7
3/5/07,81.11413793,97.26344828,70.73862069,7
3/6/07,73.19047619,97.51238095,57.56571429,7
3/7/07,84.08363636,101.7709091,72.72,7
3/8/07,71.38375,82.419375,64.294375,7
3/9/07,74.45210526,85.65631579,67.25315789,7
3/10/07,64.62538462,74.77769231,58.1,7
3/11/07,53.80625,77.68875,38.465,7
3/12/07,73.05,100.396,55.482,7
3/13/07,59.09285714,88.50285714,40.20142857,7
3/14/07,61.20714286,72.28142857,54.09285714,7
3/15/07,66.58909091,84.57,55.04,7
3/16/07,61.20769231,86.42230769,45.01,7
3/17/07,69.66714286,80.39142857,62.775,7
3/18/07,68.60875,72.9575,65.81375,7
3/19/07,80.451,96.611,70.068,7
3/20/07,72.31,110.80375,47.58125,7
3/21/07,76.01083333,93.45833333,64.80083333,7
3/22/07,64.69117647,86.59235294,50.62,7
3/24/07,63.32142857,61.46928571,64.51142857,7
3/25/07,114.498,138.24,99.24,7
3/26/07,51.34111111,52.45888889,50.62,7
3/27/07,65.014,78.77028571,56.17657143,7
3/28/07,64.40918919,81.78027027,53.24810811,7
3/29/07,59.97458333,80.05375,47.07479167,7
3/30/07,75.05516129,89.89677419,65.51967742,7
3/31/07,71.50521739,79.33478261,66.47434783,7
4/1/07,53.04137931,65.9437931,44.75206897,7
4/2/07,61.20741935,63.03935484,60.03032258,7
4/3/07,65.56176471,91.04529412,49.19,7
4/4/07,68.11533333,80.21066667,60.344,7
4/5/07,92.15636364,108.6509091,81.56,7
4/6/07,61.20764706,64.33117647,59.2,7
4/7/07,65.10421053,85.65631579,51.89947368,7
4/8/07,60.0232,95.8544,37.0064,7
4/9/07,52.98444444,52.45777778,53.32111111,7
4/10/07,67.78888889,77.68777778,61.42444444,7
4/11/07,40.06142857,45.25,36.72857143,7
4/12/07,65.24454545,70.80727273,61.67,7
4/13/07,57.50625,87.15125,38.465,7
4/14/07,64.90833333,83.99583333,52.64583333,7
4/15/07,58.248,67.59533333,52.24066667,7
4/16/07,59.35875,68.2275,53.65875,7
4/17/07,56.97714286,77.68857143,43.67428571,7
4/18/07,78.47666667,90.30333333,70.87833333,7
4/19/07,82.35428571,99.31571429,71.45714286,7
4/20/07,51.78909091,57.04636364,48.41,7
4/21/07,51.34,57.50466667,47.37866667,7
4/22/07,50.91086957,66.17086957,41.1073913,7
4/23/07,67.127,77.688,60.344,7
4/24/07,76.99666667,102.9186667,60.344,7
4/25/07,62.49521739,72.75173913,55.90478261,7
4/26/07,47.59,48.9268,46.7304,7
4/27/07,63.59483871,71.58419355,58.46193548,7
4/28/07,55.00032258,74.02645161,42.77806452,7
4/29/07,46.91586207,58.11344828,39.72241379,7
4/30/07,53.8075,63.49708333,47.58125,7
5/1/07,70.46,90.3025,57.71041667,7
5/2/07,54.37538462,86.42153846,33.79,7
5/3/07,81.70384615,89.33384615,76.8,7
5/4/07,55.45222222,69.27777778,46.56833333,7
5/5/07,55.2865,64.4425,49.4045,7
5/6/07,58.74166667,69.80458333,51.63291667,7
5/7/07,62.55454545,91.45,43.99,7
5/8/07,58.24733333,77.69,45.758,7
5/9/07,50.76,48.74882353,52.05,7
5/10/07,63.89818182,77.69,55.04,7
5/11/07,50.10666667,52.45916667,48.59416667,7
5/12/07,66.43176471,62.10529412,69.21,7
5/13/07,64.9075,96.61125,44.5425,7
5/14/07,58.74083333,74.53333333,48.59416667,7
5/15/07,63.32285714,115.5342857,29.78285714,7
5/16/07,56.27444444,65.07444444,50.62,7
5/17/07,61.20777778,81.89222222,47.91888889,7
5/18/07,48.87333333,77.69,30.36166667,7
5/19/07,53.806875,77.689375,38.465,7
5/20/07,63.18066667,75.166,55.482,7
5/21/07,59.56444444,77.69,47.91888889,7
5/22/07,53.13454545,70.80727273,41.78,7
5/23/07,55.82454545,74.24818182,43.99,7
5/24/07,85.87777778,96.61166667,78.98166667,7
5/27/07,47.46214286,58.76642857,40.20142857,7
5/28/07,51.34,72.28214286,37.88619048,7
5/29/07,59.03058824,71.01088235,51.335,7
5/30/07,46.40551724,51.58896552,43.07551724,7
5/31/07,64.02857143,65.07428571,63.35380952,7
6/1/07,61.20761905,79.49142857,49.46238095,7
6/2/07,60.0244,70.12,53.5372,7
6/3/07,61.20678571,62.82178571,60.17035714,7
6/4/07,47.6926087,59.58826087,40.05043478,7
6/5/07,66.35521739,76.04347826,60.1326087,7
6/6/07,49.69666667,60.86888889,42.51666667,7
6/7/07,53.23615385,68.95615385,43.14,7
6/8/07,35.55,34.798,36.034,7
6/9/07,58.09263158,73.70578947,48.06105263,7
6/10/07,64.49722222,77.68833333,56.02222222,7
6/11/07,52.50058824,68.78470588,42.04,7
6/12/07,60.06846154,63.13230769,58.1,7
6/13/07,70.089,85.258,60.344,7
6/14/07,50.10625,72.9575,35.42625,7
6/15/07,50.96,63.13307692,43.14,7
6/16/07,66.965,71.38055556,64.12555556,7
6/17/07,78.97,62.55,89.516,7
6/18/07,46.404,54.982,40.896,7
6/19/07,41.964,51.197,36.034,7
6/20/07,51.95625,68.2275,41.50375,7
6/21/07,47.54538462,68.95615385,33.79,7
6/22/07,56.27555556,65.07444444,50.62,7
6/23/07,63.67555556,77.68833333,54.67166667,7
6/24/07,61.20777778,83.99722222,46.56833333,7
6/26/07,62.55363636,94.89181818,41.78,7
6/27/07,39.57346154,47.12192308,34.725,7
6/28/07,51.5865,64.443,43.327,7
6/29/07,53.0665,56.874,50.62,7
6/30/07,66.14181818,91.45,49.88333333,7
7/1/07,52.66884615,58.76615385,48.75,7
7/2/07,57.68428571,68.67761905,50.62,7
7/3/07,65.83375,61.13125,68.8525,7
7/5/07,47.64,87.15,22.25833333,7
7/6/07,50.845,51.197,50.62,7
7/7/07,58.80783784,64.39162162,55.21918919,7
7/8/07,65.648,72.0115,61.5595,7
7/9/07,52.41875,70.5925,40.7440625,7
7/10/07,62.688,89.043,45.758,7
7/11/07,73.54333333,62.97166667,80.33222222,7
7/12/07,58.93,60.22153846,58.1,7
7/13/07,67.78666667,69.27777778,66.82666667,7
7/14/07,60.616,71.634,53.5372,7
7/15/07,65.71217391,76.04304348,59.07565217,7
7/16/07,73.6416,89.7992,63.2612,7
7/17/07,60.15,56.06428571,62.775,7
7/18/07,59.86272727,74.24818182,50.62,7
7/19/07,60.53590909,72.52818182,52.83,7
7/20/07,68.609,92.827,53.051,7
7/21/07,71.3,79.40909091,66.09,7
7/22/07,68.96142857,83.0952381,59.88095238,7
7/24/07,58.248,70.12066667,50.62,7
7/25/07,61.98631579,65.73789474,59.57631579,7
7/26/07,56.028,64.4425,50.62,7
7/27/07,62.4425,65.07375,60.74916667,7
7/28/07,55.82484848,68.51393939,47.67333333,7
7/29/07,62.10454545,66.22060606,59.46,7
7/30/07,64.49777778,83.29518519,52.42074074,7
7/31/07,52.19782609,62.88043478,45.33521739,7
8/1/07,68.03846154,89.33461538,54.36,7
8/2/07,51.69214286,61.46928571,45.41071429,7
8/3/07,85.87666667,90.30333333,83.03333333,7
8/4/07,64.79636364,77.68909091,56.51333333,7
8/5/07,73.54277778,79.79222222,69.52777778,7
8/6/07,73.31909091,81.13,68.3,7
8/7/07,50.95923077,42.75538462,56.23,7
8/8/07,77.489,96.61,65.206,7
8/9/07,62.194,54.982,66.82666667,7
8/10/07,77.24416667,90.30416667,68.8525,7
8/11/07,61.20789474,73.70526316,53.17894737,7
8/12/07,64.17,70.12,60.344,7
8/13/07,65.43571429,72.28142857,61.03857143,7
8/14/07,49.366,62.55,40.896,7
8/15/07,87.852,62.552,104.102,7
8/16/07,74.36444444,69.27777778,77.63111111,7
8/17/07,61.20888889,77.68777778,50.62,7
8/18/07,65.43571429,88.50142857,50.62,7
8/19/07,63.9,74.24909091,57.25,7
8/20/07,46.405,49.305,44.5425,7
8/21/07,65.43571429,66.87571429,64.51142857,7
8/22/07,78.972,77.688,79.792,7
8/23/07,59.56333333,86.09777778,42.51666667,7
8/24/07,61.20785714,58.76642857,62.775,7
8/25/07,62.03,73.48388889,54.67166667,7
8/26/07,76.010625,87.15,68.8525,7
8/27/07,50.105,68.2275,38.465,7
8/28/07,71.89944444,81.89444444,65.47611111,7
8/29/07,62.133125,72.9575,55.178125,7
8/30/07,78.02818182,89.73,70.51,7
8/31/07,90.81333333,101.1166667,84.19095238,7
9/2/07,76.43342857,80.93228571,73.54085714,7
9/3/07,66.63566667,75.16566667,61.15433333,7
9/4/07,62.05428571,64.71314286,60.344,7
9/5/07,74.72304348,79.33391304,71.75913043,7
9/6/07,77.41904762,75.88714286,78.40285714,7
9/7/07,79.12578947,67.72947368,86.44526316,7
9/8/07,75.4184,88.2856,67.1508,7
9/9/07,67.55142857,63.27238095,70.29952381,7
9/10/07,81.93066667,72.64266667,87.89533333,7
9/11/07,76.88117647,71.01058824,80.65,7
9/12/07,48.51857143,34.43714286,57.56571429,7
9/13/07,63.32285714,88.50285714,47.14714286,7
9/14/07,94.51375,115.53375,81.0075,7
9/15/07,60.06923077,57.31153846,61.84,7
9/16/07,60.283125,63.496875,58.216875,7
9/17/07,69.17923077,51.48923077,80.54,7
9/18/07,66.75875,96.6125,47.58125,7
9/19/07,56.766,70.12,48.189,7
9/20/07,66.7575,75.323125,61.255625,7
9/21/07,70.78529412,79.91470588,64.92,7
9/22/07,77.42047619,81.29238095,74.93,7
9/23/07,52.9196,79.2028,36.034,7
9/24/07,58.51636364,74.24909091,48.41,7
9/25/07,82.35571429,110.1271429,64.51142857,7
9/26/07,54.62888889,50.35611111,57.37277778,7
9/27/07,65.834375,71.775,62.0153125,7
9/28/07,56.72272727,65.0730303,51.35666667,7
9/29/07,63.26388889,62.97083333,63.45027778,7
9/30/07,57.13825,59.71225,55.482,7
10/1/07,31.60272727,31.24272727,31.835,7
10/2/07,59.16758621,62.02862069,57.3262069,7
10/3/07,64.16933333,62.55,65.206,7
10/4/07,57.79153846,63.13153846,54.36,7
10/5/07,48.626,53.09,45.758,7
10/6/07,56.53421053,71.71210526,46.78157895,7
10/7/07,60.22066667,72.64266667,52.24066667,7
10/8/07,50.96076923,57.31076923,46.88,7
10/9/07,59.975,65.07333333,56.6975,7
10/10/07,55.288,47.412,60.344,7
10/11/07,59.86363636,43.28363636,70.51,7
10/12/07,50.44454545,50.16545455,50.62,7
10/13/07,55.11352941,48.74882353,59.2,7
10/14/07,43.445,51.198,38.465,7
10/15/07,76.01142857,56.06285714,88.82142857,7
10/16/07,61.20833333,46.15166667,70.87833333,7
10/17/07,42.70375,35.11375,47.58125,7
10/18/07,35.305,20.9225,44.5425,7
10/19/07,81.55875,96.6125,71.89125,7
10/20/07,64.168,62.55,65.206,7
10/21/07,31.60111111,23.02444444,37.11444444,7
10/22/07,63.32357143,66.87714286,61.03857143,7
10/23/07,63.89818182,60.48727273,66.09,7
10/24/07,48.51857143,39.84285714,54.09285714,7
10/25/07,69.8425,83.99583333,60.74916667,7
10/26/07,61.21,46.15166667,70.87833333,7
10/27/07,78.28769231,63.13307692,88.02,7
10/28/07,45.34928571,47.95357143,43.67428571,7
10/29/07,53.80642857,45.25,59.30214286,7
10/30/07,51.34111111,60.86944444,45.21777778,7
10/31/07,69.17846154,60.22076923,74.93,7
11/1/07,62.79321429,66.87642857,60.17035714,7
11/2/07,45.78833333,44.575,46.56833333,7
11/3/07,52.75,52.00857143,53.22464286,7
11/4/07,57.22269231,50.03346154,61.84,7
11/5/07,64.661,60.02866667,67.637,7
11/6/07,66.35608696,71.1073913,63.30347826,7
11/7/07,57.91944444,52.45888889,61.42444444,7
11/8/07,57.5075,72.9575,47.58125,7
11/9/07,51.95625,61.13125,46.061875,7
11/10/07,45.85851852,48.25407407,44.31740741,7
11/11/07,60.616,73.1472,52.5648,7
11/12/07,44.47521739,54.6526087,37.93652174,7
11/13/07,34.77714286,26.32785714,40.20142857,7
11/14/07,61.20888889,44.04888889,72.22888889,7
11/15/07,57.5075,61.91916667,54.67166667,7
11/16/07,65.651,66.336,65.206,7
11/17/07,45.34785714,39.84357143,48.88357143,7
11/18/07,46.4055,32.275,55.482,7
11/19/07,61.208,72.012,54.2665,7
11/20/07,62.688,54.982,67.637,7
11/21/07,52.98444444,69.27777778,42.51666667,7
11/22/07,48.774,53.4684,45.758,7
11/23/07,62.76578947,53.78736842,68.53263158,7
11/24/07,49.09772727,58.76636364,42.885,7
11/29/07,49.77045455,54.46568182,46.7525,7
11/30/07,69.74692308,73.32153846,67.45,7
12/1/07,56.27375,47.72833333,61.76208333,7
12/2/07,53.5830303,62.78,47.67333333,7
12/3/07,62.19488889,78.53,51.70044444,7
12/4/07,54.57275862,68.5537931,45.59034483,7
12/5/07,38.080625,54.03625,27.829375,7
12/6/07,65.6485,75.796,59.1285,7
12/7/07,68.3124,83.744,58.3992,7
12/8/07,63.18233333,75.16566667,55.482,7
12/9/07,62.689,66.3345,60.344,7
12/10/07,59.358125,77.688125,47.58125,7
12/11/07,64.62230769,74.77692308,58.1,7
12/12/07,38.33181818,43.28545455,35.15,7
12/13/07,59.358125,75.323125,49.100625,7
12/14/07,67.64304348,82.62478261,58.01869565,7
12/15/07,60.53590909,72.52818182,52.83,7
12/16/07,62.34461538,63.13384615,61.84,7
12/17/07,45.1725,58.76666667,36.43916667,7
12/18/07,68.608,62.55,72.499,7
12/19/07,60.07,66.04461538,56.23,7
12/20/07,68.60875,74.53541667,64.80083333,7
12/20/07,68.60875,74.53541667,64.80083333,7
1/3/08,66.69037037,70.67962963,64.12555556,8
1/4/08,58.65551724,60.72344828,57.3262069,8
1/5/08,58.03607143,69.57928571,50.62,8
1/6/08,76.48774194,77.68870968,75.71419355,8
1/7/08,64.10369565,76.86586957,55.90478261,8
1/8/08,52.74928571,70.93071429,41.06964286,8
1/9/08,54.77217391,54.6526087,54.84782609,8
1/10/08,58.87157895,75.69684211,48.06105263,8
1/11/08,51.7344,71.6336,38.9512,8
1/12/08,62.68933333,65.074,61.15433333,8
1/13/08,68.04153846,80.6,59.97,8
1/14/08,64.49722222,71.38055556,60.07388889,8
1/15/08,32.74230769,25.28846154,37.53,8
1/16/08,58.03642857,50.65642857,62.775,8
1/17/08,67.30411765,79.91470588,59.2,8
1/18/08,61.207,54.983,65.206,8
1/19/08,62.265,42.54714286,74.93,8
1/20/08,65.24454545,67.36818182,63.88,8
1/21/08,80.23928571,93.90714286,71.45714286,8
1/22/08,48.52,39.84428571,54.09285714,8
1/23/08,67.78666667,73.48333333,64.12555556,8
1/24/08,64.168,62.55,65.206,8
1/25/08,61.20818182,74.24818182,52.83,8
1/26/08,51.96,54.03625,50.62,8
1/27/08,53.37235294,53.20058824,53.48,8
1/29/08,53.53333333,70.68037037,42.51666667,8
1/30/08,51.031875,63.49625,43.023125,8
1/31/08,51.51,58.11344828,47.26689655,8
2/1/08,69.4972,98.882,50.62,8
2/2/08,56.97821429,76.33714286,44.5425,8
2/3/08,51.63058824,57.65323529,47.76,8
2/4/08,52.57333333,58.76583333,48.59416667,8
2/5/08,55.56904762,65.07285714,49.46238095,8
2/6/08,53.13409091,60.48727273,48.41,8
2/7/08,49.93047619,57.8652381,44.83190476,8
2/8/08,57.5075,56.40125,58.216875,8
2/9/08,58.38761905,68.67809524,51.77761905,8
2/10/08,58.03642857,58.76642857,57.56571429,8
2/11/08,53.80818182,57.04636364,51.725,8
2/12/08,51.69142857,61.46928571,45.41071429,8
2/13/08,71.07555556,90.30444444,58.72333333,8
2/14/08,62.26571429,58.76642857,64.51142857,8
2/15/08,62.55272727,77.68818182,52.83,8
2/16/08,54.48,67.36681818,46.2,8
2/17/08,40.855,54.03625,32.3875,8
2/18/08,62.85277778,71.38166667,57.37277778,8
2/19/08,51.69214286,58.76642857,47.14714286,8
2/20/08,61.20888889,73.48444444,53.32111111,8
2/21/08,49.181875,44.575625,52.139375,8
2/22/08,64.49611111,54.56111111,70.87833333,8
2/23/08,54.97526316,53.78736842,55.73789474,8
2/26/08,55.41608696,48.07130435,60.1326087,8
2/27/08,56.49772727,67.36727273,49.515,8
2/28/08,54.17725,67.28125,45.758,8
3/1/08,55.86222222,60.86833333,52.64583333,8
3/2/08,62.85277778,65.07416667,61.42444444,8
3/3/08,53.53296296,58.06481481,50.62,8
3/4/08,53.27857143,49.305,55.82928571,8
3/5/08,56.97809524,65.07333333,51.77761905,8
3/6/08,49.82076923,57.31076923,45.01,8
3/7/08,50.106,56.8735,45.758,8
3/8/08,40.854375,54.03625,32.3875,8
3/9/08,67.33275862,78.9937931,59.84103448,8
3/10/08,52.46227273,72.52727273,39.57,8
3/11/08,55.11176471,53.2,56.34,8
3/12/08,49.366,62.551,40.896,8
3/13/08,61.207,58.767,62.775,8
3/14/08,59.23466667,72.64266667,50.62,8
3/15/08,72.3125,96.61,56.6975,8
3/16/08,49.82230769,54.39923077,46.88,8
3/17/08,64.90916667,71.38083333,60.74916667,8
3/18/08,70.45875,58.765,77.96875,8
3/19/08,37.94857143,56.06142857,26.31,8
3/20/08,80.945,58.76666667,95.18833333,8
3/21/08,56.97857143,61.46904762,54.09285714,8
3/22/08,67.55214286,64.17214286,69.72071429,8
3/23/08,68.96142857,79.49095238,62.19619048,8
3/24/08,63.675,69.27833333,60.07388889,8
3/26/08,70.45958333,71.38083333,69.86541667,8
3/27/08,65.154,54.982,71.68866667,8
3/28/08,59.72733333,80.21133333,46.56833333,8
3/29/08,60.33705882,66.55705882,56.34,8
3/30/08,45.58416667,45.1,45.89305556,8
3/31/08,58.34354839,66.70064516,52.97258065,8
4/1/08,62.91576923,60.22115385,64.645,8
4/2/08,53.80666667,77.68833333,38.465,8
4/3/08,58.51727273,63.92818182,55.04,8
4/4/08,73.31909091,67.36636364,77.14,8
4/5/08,67.93454545,60.48636364,72.72,8
4/6/08,62.94823529,50.97411765,70.64,8
4/7/08,49.82230769,74.77692308,33.79,8
4/8/08,57.79230769,54.39923077,59.97,8
4/9/08,69.43111111,86.09777778,58.72333333,8
4/10/08,77.65555556,90.30333333,69.52777778,8
4/11/08,74.66636364,81.12818182,70.51,8
4/13/08,55.287,51.196,57.913,8
4/14/08,68.11533333,90.30333333,53.86133333,8
4/15/08,71.07666667,80.84333333,64.80083333,8
4/16/08,74.95214286,61.46928571,83.61214286,8
4/17/08,68.60833333,77.68833333,62.775,8
4/18/08,59.728,77.688,48.189,8
4/19/08,54.62777778,39.84333333,64.12555556,8
4/20/08,54.63,73.48333333,42.51666667,8
4/21/08,87.851,85.256,89.516,8
4/22/08,71.65647059,64.33117647,76.36,8
4/23/08,65.648,62.549,67.637,8
4/24/08,77.35545455,63.92636364,85.98,8
4/25/08,76.01,67.36636364,81.56,8
4/26/08,66.1425,68.2275,64.80083333,8
4/27/08,77.1948,82.23,73.9576,8
4/28/08,66.96444444,67.17611111,66.82666667,8
4/29/08,56.27333333,39.84333333,66.82666667,8
4/30/08,50.8465,68.2265,39.6805,8
5/1/08,72.92666667,83.99708333,65.81375,8
5/2/08,56.49818182,53.60545455,58.355,8
5/3/08,61.670625,65.861875,58.9765625,8
5/4/08,73.28368421,71.71315789,74.29026316,8
5/5/08,64.34787879,68.51484848,61.67,8
5/6/08,70.4590625,64.6790625,74.1703125,8
5/7/08,61.77807692,73.32192308,54.36,8
5/8/08,79.30055556,69.27833333,85.73444444,8
5/9/08,51.78727273,50.16363636,52.83,8
5/10/08,69.28272727,53.60636364,79.35,8
5/11/08,70.31615385,60.22153846,76.8,8
5/12/08,88.69714286,72.28238095,99.24,8
5/13/08,36.88928571,31.735,40.20142857,8
5/14/08,67.30117647,62.10529412,70.64,8
5/15/08,80.94555556,102.9177778,66.82666667,8
5/16/08,66.90153846,54.39923077,74.93,8
5/17/08,79.18214286,88.50142857,73.19357143,8
5/18/08,65.71434783,62.87956522,67.53130435,8
5/19/08,66.43235294,64.33235294,67.78,8
5/20/08,73.73230769,68.95461538,76.8,8
5/21/08,58.74111111,48.25444444,65.47611111,8
5/22/08,71.97454545,84.56818182,63.88,8
5/23/08,76.6275,79.26583333,74.93,8
5/26/08,59.2773913,57.94304348,60.1326087,8
5/27/08,61.20818182,81.12818182,48.41,8
5/28/08,74.03577778,74.32422222,73.84955556,8
5/29/08,80.1734375,74.1409375,84.04625,8
5/30/08,48.04962963,56.66407407,42.51666667,8
5/31/08,72.89315789,61.75368421,80.04789474,8
6/1/08,71.734,69.27844444,73.30933333,8
6/2/08,69.0715625,70.5925,68.0928125,8
6/3/08,62.73965517,72.46793103,56.48793103,8
6/4/08,76.01115385,89.33307692,67.45,8
6/5/08,63.18133333,85.25733333,48.99933333,8
6/6/08,73.0495,89.0425,62.775,8
6/7/08,71.07416667,80.84166667,64.80083333,8
6/8/08,63.22681818,55.32590909,68.3,8
6/9/08,68.61,80.39214286,61.03857143,8
6/10/08,59.86181818,74.24818182,50.62,8
6/11/08,81.191,85.258,78.5765,8
6/12/08,46.40666667,33.53666667,54.67166667,8
6/13/08,80.94333333,65.075,91.13666667,8
6/14/08,73.051,58.766,82.223,8
6/15/08,48.87333333,42.99666667,52.64583333,8
6/16/08,79.71166667,83.995,76.95583333,8
6/17/08,67.55142857,72.28142857,64.51142857,8
6/18/08,63.05875,58.76625,65.81375,8
6/19/08,58.51636364,63.92727273,55.04,8
6/20/08,74.529,77.689,72.499,8
6/21/08,87.1125,87.15,87.085,8
6/22/08,76.01,71.01,79.22,8
6/23/08,83.76380952,79.49095238,86.50619048,8
6/25/08,52.74857143,56.06285714,50.62,8
6/26/08,55.288,67.0916,47.7028,8
6/27/08,55.70069767,58.32581395,54.01209302,8
6/28/08,63.9834375,74.14,57.4571875,8
6/29/08,59.728,68.227,54.2665,8
6/30/08,66.70571429,60.38857143,70.76257143,8
7/1/08,74.47896552,71.16241379,76.60655172,8
7/2/08,62.61714286,74.08333333,55.25047619,8
7/5/08,88.03625,96.610625,82.526875,8
7/6/08,65.71217391,66.17086957,65.4173913,8
7/7/08,57.31368421,87.64736842,37.82526316,8
7/8/08,52.57333333,58.76666667,48.59416667,8
7/9/08,56.5825,56.400625,56.6975,8
7/10/08,58.25,47.413,65.206,8
7/11/08,67.13066667,75.16466667,61.96466667,8
7/12/08,66.59,70.80818182,63.88,8
7/13/08,65.156,75.16466667,58.72333333,8
7/14/08,73.7905,68.2275,77.361,8
7/15/08,83.41083333,93.4575,76.95583333,8
7/16/08,44.555,44.575,44.5425,8
7/17/08,71.07666667,72.64333333,70.068,8
7/18/08,68.60833333,71.38166667,66.82666667,8
7/19/08,64.909,72.0125,60.344,8
7/20/08,79.42615385,70.41153846,85.215,8
7/21/08,70.46,63.4975,74.93,8
7/23/08,53.80681818,62.20636364,48.41,8
7/24/08,51.33962963,60.86851852,45.21777778,8
7/25/08,72.09205882,69.89705882,73.5,8
7/26/08,63.24931034,60.72344828,64.87068966,8
7/27/08,67.48757576,71.95515152,64.61666667,8
7/28/08,60.25354839,63.03870968,58.46193548,8
7/29/08,68.28652174,49.71608696,80.21478261,8
7/30/08,53.808,51.198,55.482,8
7/31/08,60.06923077,74.77769231,50.62,8
8/1/08,78.125,72.28214286,81.87571429,8
8/2/08,76.88176471,95.49823529,64.92,8
8/3/08,59.727,70.1185,53.051,8
8/4/08,54.62777778,35.63888889,66.82666667,8
8/5/08,67.30294118,84.36764706,56.34,8
8/6/08,56.27333333,73.48222222,45.21777778,8
8/7/08,43.94,39.845,46.56833333,8
8/8/08,66.14083333,55.6125,72.90416667,8
8/9/08,82.84153846,100.9776923,71.19,8
8/10/08,60.06846154,51.48692308,65.58,8
8/11/08,69.17769231,57.30923077,76.8,8
8/12/08,42.70625,44.57375,41.50375,8
8/13/08,77.35545455,88.00909091,70.51,8
8/14/08,82.73909091,70.80818182,90.4,8
8/15/08,69.42888889,90.30333333,56.02222222,8
8/16/08,72.72111111,73.48333333,72.22888889,8
8/17/08,57.17,43.28363636,66.09,8
8/18/08,72.30833333,77.68916667,68.8525,8
8/19/08,84.47,77.68857143,88.82142857,8
8/20/08,73.54333333,65.0725,78.98166667,8
8/21/08,67.55428571,72.28285714,64.51142857,8
8/22/08,62.85333333,65.07222222,61.42444444,8
8/23/08,61.20666667,56.66333333,64.12555556,8
8/24/08,96.09928571,80.39142857,106.1857143,8
8/25/08,57.50666667,52.45916667,60.74916667,8
8/27/08,50.63571429,47.05285714,52.9352381,8
8/28/08,74.57709677,75.24709677,74.14580645,8
8/29/08,77.75147059,78.80147059,77.075,8
8/30/08,64.79606061,78.83545455,55.77666667,8
8/31/08,71.57025,73.90325,70.068,8
9/1/08,65.73,67.17611111,64.80083333,8
9/2/08,74.6225,69.41,77.96875,8
9/3/08,55.41652174,48.07086957,60.1326087,8
9/4/08,66.90076923,83.51076923,56.23,8
9/5/08,78.12357143,77.68857143,78.40285714,8
9/6/08,87.11375,110.80375,71.89125,8
9/8/08,72.06333333,75.16533333,70.068,8
9/9/08,83.41055556,83.99611111,83.03333333,8
9/10/08,74.160625,75.323125,73.410625,8
9/11/08,65.43714286,72.28142857,61.03857143,8
9/12/08,79.71125,58.76625,93.1625,8
9/13/08,90.81272727,60.48727273,110.29,8
9/14/08,81.76722222,73.485,87.085,8
9/15/08,64.62307692,71.86538462,59.97,8
9/16/08,63.67416667,77.68916667,54.67166667,8
9/17/08,69.66714286,80.39142857,62.775,8
9/18/08,48.52,66.87571429,36.72857143,8
9/19/08,73.99181818,67.36636364,78.245,8
9/20/08,80.945,77.68916667,83.03333333,8
9/21/08,71.07714286,66.87619048,73.77238095,8
9/22/08,90.8124,71.6336,103.1296,8
9/24/08,89.332,89.041,89.516,8
9/25/08,68.04,71.86538462,65.58,8
9/26/08,68.28652174,79.33304348,61.18956522,8
9/27/08,66.33269231,76.23230769,59.97,8
9/28/08,70.2173913,71.10608696,69.64521739,8
9/29/08,69.0715625,90.6978125,55.178125,8
9/30/08,79.49352941,84.36588235,76.36,8
10/1/08,72.17222222,69.27888889,74.02962963,8
10/2/08,65.56176471,66.55705882,64.92,8
10/3/08,64.90833333,55.61166667,70.87833333,8
10/4/08,71.89777778,83.99666667,64.12555556,8
10/5/08,62.23034483,65.94344828,59.84103448,8
10/6/08,69.28227273,81.12863636,61.67,8
10/7/08,74.03733333,72.642,74.93,8
10/8/08,71.97363636,57.04454545,81.56,8
10/9/08,77.35545455,74.24636364,79.35,8
10/10/08,68.609,66.335,70.068,8
10/11/08,87.1125,87.15,87.085,8
10/12/08,65.76307692,77.68923077,58.1,8
10/13/08,65.43571429,56.06428571,71.45714286,8
10/14/08,80.45,73.905,84.654,8
10/15/08,71.45538462,89.33461538,59.97,8
10/16/08,90.81166667,65.07333333,107.3433333,8
10/17/08,71.78142857,72.28142857,71.45714286,8
10/18/08,83.411,85.257,82.223,8
10/19/08,48.87333333,58.76666667,42.51666667,8
10/20/08,76.01222222,98.71444444,61.42444444,8
10/21/08,68.61,77.69,62.775,8
10/23/08,51.95625,39.84375,59.73625,8
10/24/08,84.57894737,85.65578947,83.88631579,8
10/25/08,71.57,66.336,74.93,8
10/26/08,81.64809524,81.29238095,81.87571429,8
10/27/08,67.12866667,72.642,63.58533333,8
10/22/08,52.324,70.118,40.896,8
10/29/08,60.42894737,71.71368421,53.17894737,8
10/30/08,57.28941176,65.44558824,52.05,8
10/31/08,56.06043478,72.7526087,45.33521739,8
11/1/08,72.14913043,64.52565217,77.04391304,8
11/2/08,65.00384615,68.95512821,62.46333333,8
11/3/08,71.52393939,82.27545455,64.61666667,8
11/4/08,73.31848485,65.07393939,78.61333333,8
11/5/08,76.78894737,75.69631579,77.48894737,8
11/6/08,55.28733333,52.458,57.10266667,8
11/7/08,76.01,77.68866667,74.93,8
11/8/08,66.96388889,71.38222222,64.12555556,8
11/9/08,66.14285714,75.88666667,59.88095238,8
11/10/08,70.08933333,70.118,70.068,8
11/11/08,66.142,70.11933333,63.58533333,8
11/12/08,76.00909091,67.36636364,81.56,8
11/13/08,59.728,51.197,65.206,8
11/14/08,80.94466667,87.78,76.55066667,8
11/15/08,81.23411765,86.59352941,77.79,8
11/16/08,58.59588235,68.78470588,52.05,8
11/17/08,75.23157895,79.67947368,72.37105263,8
11/18/08,81.29714286,80.39214286,81.87571429,8
11/19/08,55.286,62.551,50.62,8
11/20/08,65.648,58.767,70.068,8
11/21/08,73.19047619,74.08428571,72.6147619,8
11/22/08,60.06884615,54.39884615,63.71,8
11/23/08,75.084375,61.13125,84.04625,8
11/28/08,71.3846875,85.966875,62.0153125,8
11/29/08,74.9,85.257,68.24475,8
11/30/08,67.85408163,82.32244898,58.55795918,8
12/1/08,75.164,72.282,77.01371429,8
12/2/08,77.92064516,86.23451613,72.57741935,8
12/3/08,74.70352941,78.80117647,72.07,8
12/4/08,70.21782609,62.87869565,74.93,8
12/5/08,72.06266667,90.30333333,60.344,8
12/6/08,72.14869565,77.68782609,68.58826087,8
12/7/08,77.03068966,85.51689655,71.57689655,8
12/9/08,83.05857143,77.68952381,86.50619048,8
12/8/08,61.21,82.419375,47.58125,8
12/10/08,53.314,67.59733333,44.13733333,8
12/11/08,78.47666667,83.99666667,74.93,8
12/12/08,54.47909091,60.48636364,50.62,8
12/13/08,71.45461538,68.95538462,73.06,8
12/14/08,59.09285714,58.76642857,59.30214286,8
12/15/08,69.66642857,77.68857143,64.51142857,8
12/16/08,81.93066667,102.9186667,68.44733333,8
12/17/08,73.235,80.055,68.8525,8
12/18/08,67.37583333,71.38,64.80083333,8
12/19/08,72.31,66.65041667,75.94291667,8
12/20/08,83.41142857,83.095,83.61214286,8